bamos,6
comunicarnos,1
catarina,3
us,3
estayul,2
ablante,2
idima,1
uspanteka,3
bondadosamente,1
relatar,8
inportacia,1
cudado,1
ademas,2
autorisa,1
mas,105
uspanteko,34
se,26
inportancia,1
baay,94
antonses,8
chib'aanik,1
tanb'ij,27
iin,348
jinon,81
li,1548
tijb'ij,90
taq,1904
qaqaaj,75
qachuuch,29
toos,74
tinb'ij,37
qamaam,23
qet'o,1
ójor,100
tziij,81
qet',3
cha',969
kongan,4
chee',104
sii',32
ri',412
kongana,1
naqaaj,4
nimaq,28
entons,46
kwand,130
wi',863
tpeti,2
jaab',15
kwando,44
ta't,1
pores,24
ooj,274
xojk'iyk,1
ojb'enaa,2
atb'i'tqa',1
jataq,1
per,256
makataq,1
maq,198
ra,656
porke,111
nimi',11
jq'iij,25
nosol,1
ma'an,3
re,1669
tra,209
makach',1
jwich,84
atyuter,1
lajasok,1
ta',1005
t'el,17
awanm,4
atkamk,1
toons,4
limaq,3
maa,16
b'ensaj,1
k'ex,115
jpetiik,1
marechtqe,3
jun,1158
kib',56
uxub',28
q'iij,206
noke,13
ri,522
rere,1
tijya's,1
tijya',12
teew,25
rech,19
taqajik',1
qúxb',1
lamaas,38
tpew,4
mism,29
jwi'li',12
tons,94
mxaqtb'ka',1
tambyeen,12
tkojsaj,7
tzko'ri,1
laqaxo'l,1
li',4
wetji'noon,1
chi,355
qe,329
kom,210
ma,70
jita',2
chki',185
qíjil,2
qatz'áqt,3
masi',4
k'is,96
sach,24
che',124
tijye',40
tichkoni'n,1
komoo,13
diyoos,55
miyo,3
tanta'in,1
pok,42
lajwanim,1
staq,2
komo,45
tijyoq',1
jfoot,1
neen,268
tab'an,34
man,837
ka',23
k'eer,5
weyin,12
tib'ew,1
chwe,83
marita',2
jcholájl,12
tiyolow,10
jpetik,5
tqayoq',1
nik'i,2
pech,32
kondo,2
kita',247
ojyolowk,1
tosee,4
qab'iji'n,1
pure,1
aay,25
pixb'likat,1
jchuchi',1
kistyan,18
tqab'ij,29
b'ijb'ik,1
tqa,41
tqayoq'b'ik,1
moo,65
tqyoq',1
chub',38
qchoch,3
tyaw,1
quxb',2
mat,17
q'aaq',31
chaq,419
sewr,8
jiq',1
jq'aaq'al,3
etern,1
qeet',3
tisik'in,2
tya'w,3
tb'enow,3
qa,59
pulmon,1
qache',1
loq'laj,79
k'aam,4
jnonli,3
rechaq,184
rem,1
jb'anik,47
rka',64
kee,8
inportanti'n,1
rejwexki',5
yoloj,5
matja'tisach,1
ke,340
tqaye',17
bween,1
k'ichelaaj,6
galan,23
ja',58
ta'lex,1
k'otob',14
t'oq'ch,1
uchaq,10
tantaq,1
t'elch,5
toose,1
ta'lexch,1
kastiy,5
kurason,1
muntaño,1
ji'n,45
chijb'anik,7
tloq'ájk,1
tloq'áj,1
tb'ensaj,8
taqra,1
jq'ab',10
cheqejchaqj,1
tqakoj,26
tqab'an,63
chawilka',1
kirtyan,21
ori,23
tijin,37
tijqasaj,4
chaj,17
rii,9
sib'laj,6
jwert,16
kimik,1
nojeel,6
sachik,1
nin,9
nichek,1
lori,14
oj,211
xpeti',2
jwerte,3
tk'iisi',1
tk'isi',1
qáwj,1
chek,7
qajyúb'la,1
qata'j,1
tb'enowk,1
qelen,41
jwi'l,173
k'u,152
lijori,2
qes,33
tijb'iji',4
tqat'o,1
nim,97
tichikoni',1
qchooch,10
tchkon,1
tichkoni',1
ojwi'n,2
b'a,50
meex,3
staqo,1
jb'aniko,1
ju,8
qadiyosil,2
rk'iilaq,5
xaq,172
tich'eb'on,1
chub'anik,2
nemoo,42
yaq,37
mosib',10
sool,2
tiwi'ntaqw,1
twi'ntaq,1
tpe'w,6
tijkoj,29
pwerta,2
kaske,1
sechelkoj,2
mari'ta',6
jcholájil,2
qaloq'aj,2
qab'ane',2
risitzil,1
wee,26
nik'aj,9
qalugar,3
qachee',1
lajwánm,1
chi',88
xawil,8
linee,1
okox,2
xaq',2
seb'laaj,12
k'ii,55
tijya'w,1
wi'naa,1
if,125
wi'n,2
tz'eti',5
tab'i,1
xwila'n,6
ojpeli,1
la',72
lwar,14
katalina,3
koom,5
kila',26
juul,12
ilanawi'l,2
aat,117
ilan,8
awi'l,10
welt,18
eselkat,1
loom,15
b'i,234
wakotchaq,1
a',26
iinilan,1
inwi'l,17
kla',266
jnoo,2
ajq'iijab',1
tqej,10
xílij,4
ajq'iijb',1
qask'une',1
b'anik,19
qesk'une',1
tz'et,18
sagradi',1
nmoo,2
tib'ij,2
k'aslem,1
jyub'al,2
k'uyo'lli',1
yo'l,12
yo'lk,2
wiitzi'li,1
wiitzili,1
tantayin,1
jyolik,6
qaaj,116
taqm,1
chib'anik,4
kristyan,142
tijtika',1
rab'ixaq,2
qatike',3
na,180
qab'ix,2
tb'e,44
tikij,1
ab'iix,34
b'ij,18
ch'ikch'ij,1
xch'ikmaji'ch',1
yastw,1
xoktqa',4
re',72
noo,75
kond,43
woroon,2
rij,61
inb'ee,9
jol,19
chaak,112
chik,426
juntir,152
tk'am,10
wasroon,1
b'ee,34
chakun,11
mari',2
t'ok,27
k'iche'laaj,31
tqasajik,1
jqasajik,1
nab'e,22
tik'am,2
poom,11
ral,32
ulew,13
syen,1
kwerd,1
wataal,1
intiit',9
arob,1
ajruk',21
kandela,3
qas,37
knteel,1
kantelaa,1
tijk'am,16
jkantela,1
tqak'am,14
qakantel,1
xijpomajtqa',2
witz,12
jchaakaq,1
tijpomaj,1
xpomaji',1
jwi'laq,32
kirtyaan,6
q'ax,1
iikeej,1
tq'ax,23
asron,1
moor,2
jch'eekaq,1
tijq'atz,1
tijkat,2
ri'b'aq,3
xentiji',3
xkoja't,1
stw,1
xk'atmaajchiki',1
xi',67
jtayik,3
jpoomaaj,1
jyub',4
ta'j,7
titikonan,1
taqwi'w,1
koje'tqa',1
chiki'n,12
tijtik,17
tijkoje',2
wi'w,26
kostumbre,3
xpek'u,8
q'ooq',8
kinaq',40
jaal,1
bwen,19
tijb'itaq,2
trentaq,2
lom,2
jilon,26
rideyaq,1
yokrek,2
tz'eti'n,14
ajwi'na,2
tantiyar,2
ajwi'n,2
ajwi',2
pake,10
chawe,92
keel,8
petzelkin,3
lo'ri,1
lomenos,2
mikita',4
junab',22
rjunab',1
petze,1
jurub'ti,1
ukaa,1
pent,14
oxlajuj,3
kab'lajuj,2
b'eselkin,2
xinpetchika'na,1
weltchik,1
xime',3
chich,11
insii',1
mikta',3
xintaw,12
kojol,2
xilj,39
tikojow,1
juuj,1
tqejb'ik,3
jchi',11
diseke,1
tinyol,20
peer,22
awetami'n,2
tamtkiti,1
awetam,5
ro'ójor,1
sub'laaj,11
naa,33
jmillagr,1
dilikaa,1
keresir,3
niim,8
wach,5
petzélk,1
diske,3
jwi'li,1
ni'j,53
jkojb'alaq,1
jb'ite',1
paagr,8
laq'ab',15
b'an,27
qamisa,1
qamiix,2
chqaj,21
miix,9
loq',9
tqa'an,34
laq'ab'i'n,1
paagre,6
b'aan,2
alajwers,1
eb'an,1
tcha',90
xen,148
jonon,1
tijyol,14
k'etzen,7
tonse,10
xpenika,1
retzel,7
nika',14
xpe,179
majcholájl,1
chuch,145
uk'are',1
xna',19
ubligadi',1
ji',78
xlatun,3
xeljuu',1
b'axoqoneb',2
kobaan,2
kebonito,1
istorya,15
ifri',2
rikimch,1
b'asaqwech,1
xlatunch,1
xe'ljuu',1
antons,25
b'alomja',1
xlatunja',1
kob'an,1
xijb'ite',3
ayi,2
uu,17
xb'anik,1
xijkoje',2
jchi'aq,1
xijyaje',2
xojkajrne',1
xojqej,1
diyunabes,6
pobril,2
jcholájk,5
noon,4
xk'ama',2
xenja',1
miixa,4
jb'ij,53
ta'n,37
likastiy,2
xe',153
pobriil,1
qatilmit,12
ta'chki',4
naado,1
tka',2
jrik'il,3
tnatun,5
jiri,2
jili,27
tanwil,6
pajinonli,1
tb'ew,1
t'ookb'ik,1
t'ookb'i,1
wi'chaq,1
tqejb'e,1
pijinon,1
tanb'ijin,2
qasori,1
tanb'ijiin,2
tiye'saj,5
uchaqu,1
ayisi,1
maqra,2
esike,1
petz,4
witzi'n,1
rojwexki',3
tinchomors,1
inchomors,1
nchomorsan,1
nojel,12
tilmit,10
tib'ili,2
nen,148
mo,4
anibel,2
tinmit,26
nasiyonal,1
tinb'ijin,5
lajintzijb'el,1
qonojel,3
kones,5
qus,71
tya'saj,10
tqak'ut,16
chuchaq,17
ak'alb',1
tik'iy,4
ek'el,8
tisach,5
jpensaraq,4
ketant,3
relijion,2
pune',2
karismatika,1
iglesiy,1
ebangelj,1
puu,8
aba,1
biba,1
jyooba,1
nasaren,1
iglesy,2
sambley,1
iglesiya,1
tant,1
mokol,1
iglesa,1
miy,1
maaknika',1
qakojb'el,1
qakoojb',1
chuchn,1
chki'n,14
moxer,1
jcholáj,2
ooji',4
ajmak,2
ojch'ebonk,1
qamak,6
oojb'e,2
jalan,19
chomrsaan,1
ooju,1
chuuchqajw,1
oojchomrsan,1
qelk'wal,5
tqaya',9
jno'jaq,7
ants,3
ajchaaltqa'n,2
majri'ta'n,1
disiyoch,1
beynt,3
junb'aq,2
ook,5
lajb'a'aq,3
enkamby,9
tqa'n,12
mojkosk,1
qadeberili,1
parke,1
qlen,13
qusta'n,1
jb'eta'n,1
chuwajin,1
kita'm,1
chujb'anik,1
q'atub',2
tipetk,1
mkita',12
q'etub',3
tipet,8
tpee,6
sub'laj,12
oojika',1
ojtokowk,2
taqeqiil,1
emoo,1
nik'i',1
qakirneer,1
tqataqb'ik,1
tb'ek,6
k'omo,47
laq,147
jaa,120
rk'i,69
okwi'w,1
oki'li,1
chak,28
okoq,1
tqil,20
qelk'waal,13
rojwex,1
anm,268
wunaqtqa'n,1
jye'ik,4
jno'j,9
wunaq,254
manik'ta'n,1
jalani',1
jk'astaj,1
jb'a'aq,1
tzitaq,2
chomrsánk,1
chwaj,28
kita'n,15
ta'chki'n,1
tzi,47
tb'i,24
kamsajoq,1
xpitz'aaj,1
xjop,1
tzik',33
majop,2
ojutzaaj,1
inmaam,33
wit',1
jopsaj,1
qayaj,1
tqata',5
tb'an,9
xpepne',2
qach'ol,1
qeqa'n,1
xpepene',2
qab'a,1
wqan,4
junojel,1
tiq'oxow,1
na'l,9
itzb'ali'n,3
taal,1
julan,1
mriy,1
jwana,1
xwa'n,1
tilin,1
si's,2
waan,1
teek,1
xenow,1
aruk',3
ojb'e,16
lajqchoch,1
tqata'w,2
mijor,1
t'iqatoke',1
riglesaq,1
riglesyaq,1
rechi',11
iglesya,4
b'e,16
rk'ilaq,22
tzii,38
triltaq,1
est,10
nemas,1
tijsech,2
tachak,1
kumb'l,1
nadaa,1
oken,2
qik'il,23
orasiyon,2
chawijaq,1
atzib'tqa'n,2
wron,7
qakumb'il,1
kanel,6
pur,37
xintzib'san,1
xinta',6
inyaj,1
xintzib'i'n,1
wetjinon,1
chb'anik,1
jchaqejalil,1
xuker,13
tqik'aj,3
tqatij,26
ojxuker,2
tqatzek,2
qastz'eti,1
petk'unaa,1
q'etuub',1
petk'une',1
jyajaq,1
chuwaj,11
aaj,3
ritk'unere',1
ajritk'unere',1
yanoo,1
tinwil,11
inb'ij,4
xojsach,1
inb'e,13
jalaan,6
chótix,32
chuuch,38
mee,1
qiglesya,1
qachótix,1
ojb'ew,2
xin,22
chomorsaj,1
lajinwárj,1
abeses,1
inrejwex,1
tinb'an,53
qonojeli',3
jtzij,1
qonejel,2
qoneel,1
luw,1
luwr,1
qaluwr,4
lajqasook,1
ojchomrsan,1
chomrsank,1
jurub'tne',1
tqasolaj,1
jurub',24
tanyoliin,1
noseke,1
ivbaay,1
k'omoo,6
iftosee,1
xojyolow,3
ak'il,1
iwir,1
ák'l,13
ljori,21
tanyol,6
tye'saj,4
rex,11
k'im,2
krekee,1
talbes,2
tiksaj,1
talexch,1
titawtina,1
ojtawi',1
qachoq'w,2
tz'etaj,1
qatinmit,13
ojchakun,3
kata,1
xa'an,10
toq'ob',17
xaye',4
informasyon,1
lojori,84
bweno,6
diesiseis,1
sincuenta,1
agradesiendo,1
ifxen,1
kabaal,10
xb'ee,1
lsii',2
kaabal,2
xq'ax,20
ab'aj,101
kaas,2
xnatun,6
kumetz,15
xij,98
fabor,5
inawesaj,2
chalaj,2
tinq'i',1
chwij,2
inkam,2
tawen,23
xpet,36
xtokech',1
nimlaj,9
xb'it,8
xkwin,9
xq'axch,1
raalaj,2
kondee,1
kabal,41
lajori,306
tzij,14
maal,1
atintija'n,5
nej,5
inatij,3
xinb'an,43
xatwesaj,1
ti'niik,7
xtzaq,9
jch'ol,5
b'irb'iit,1
ji'non,7
xijb'ij,7
tinya',15
oportunida,1
jo',46
kwa'y,63
tij,38
xatintij,1
xijte',10
ooy,2
tab'ij,4
tintij,9
xkabaal,1
resaj,16
chralaj,3
tintija'n,2
inijk'am,2
tijinter,1
tchakun,12
inyuq,7
niri,114
inijkejaj,1
wuron,1
inkanjye',1
pook,2
ink'oq,1
wijaal,3
entonse,8
inrilb'ej,1
naad,26
tino'jin,1
abay,1
entoons,1
premis,2
atintij,9
tijman,2
taweno,3
wákix,83
wakix,3
tin,19
tintija',2
esk,3
tatij,13
inijkoj,1
tijtok,5
nii,4
inijyuq',1
tno'jin,2
chwee,1
insakat,1
imul,10
b'esel,34
ooyj,1
loke,116
pask,1
chijralaj,1
tinwile',2
chiriliik,1
joti,1
xya',17
pongam,2
permis,1
tijtij,46
xrile'na,1
tqile',1
chirilik,1
xtaw,97
wun,2
okenika',1
chiralaj,7
twil,18
ab'anik,5
xtawen,2
kit,1
k'itz,1
xme',2
palank,1
xb'itaq,1
xq'ajch,10
xqasaj,9
xkan,98
baa,85
atwesaj,1
jchaak,28
atno'jin,1
jchak,5
faabor,1
gradeser,1
xaatina',1
salbar,4
atijsaji'n,2
ta,70
atb'e,13
ltokon,1
kesey,2
inate',1
laj,229
akinaq',1
inat'oj,1
xatina',1
stuw,3
xina,2
aan,2
nomas,1
leandro,19
chamatun,20
aqui,8
chipaj,18
dia,11
abien,3
relatarnos,4
okma,15
gravación,22
compañia,7
adon,2
raj,91
tichakun,8
kub'rem,1
tb'ijne',1
chusil,13
xtok,16
rxóqil,24
chijye'ik,1
jwaa,26
titaw,37
chij,93
ye'ik,2
b'enol,6
ralmwer,1
tijk'ey,2
bwelt,4
repent,8
k'uch,13
b'aa,25
xch'ab'ej,13
oombre,3
qak'exe',4
qib',41
awik'il,5
tzaj,3
ombr,4
xqej,16
rk'il,55
chawaj,35
inchakun,3
jk'exik,1
jk'utik,3
awchoch,1
xqak'ex,1
awk'il,2
inb'ek,5
chek'er,1
wchoch,1
ink'utw,1
chawch,5
tipeti',1
chijyik,1
almwers,4
ntons,18
tzib'aka',2
xk'ex,6
rib'aq,42
xk'exmaaj,1
ruk'u,4
xek',14
k'um,2
tintok,1
tzi',1
waa,28
tpeti',2
jaan,78
kontent,1
xmaj,7
chye'ik,1
ralmwers,3
kab'al,4
xel,13
jk'am,3
eselchaq,1
xat,13
ak'am,1
xaat,1
chakuni',1
chakunin,1
aaw,3
xtij,26
k'iis,1
xenaa,3
awij,2
xatchaakun,1
chiki',137
xatk'is,1
achak,2
nik',39
b'aay,17
xu',2
xkoj,24
jtuj,1
xatkos,2
xk'isk'ab',1
tuj,4
tijq'ii'w,1
ka'ni'n,2
tijq'i'w,1
xok,88
xch'aj,3
tano,1
retam,18
kab',6
xe'chik,2
maj,65
esel,1
jkab',7
xchakuni',1
tinkamsaj,1
rak',3
xkamsaj,6
tinik,3
sik',66
xk'am,49
joq',1
xpis,2
xkaj,14
ye',13
xo'l,9
xaan,6
osti,1
ajri',12
jrox,2
chu,8
mojor,6
k'uli,24
alg,23
k'isk'ol,1
iik',20
awichjil,5
xinq'ax,1
qak'ex,3
ini',6
tijik,1
ryalmente,1
raaj,7
chwaaj,8
xqak'exa',2
tawetmaaj,1
oor,15
xak'ex,1
ayb'aq,3
ik',5
retamaj,2
saq'or,5
tikwini',2
tijk'ex,2
rib',56
awaj,24
loq'i,2
titi,1
tikwin,7
saq'oril,8
rik'uli,3
qak'ame',1
jb'e'aq,1
koj,34
chakunoq,1
tk'omoni',2
trila'tqa',1
tchakuntqa'n,1
tretmajtqa'n,1
aataq,4
atchakun,1
jsaq'oril,2
aatchaakun,1
tijoj,8
awi'b'aq,2
tamech',1
asii'aq,1
achaakaq,2
xamb'eren,1
chirij,18
aqaajaq,3
tawetmaj,1
utzil,6
utzili'n,1
xoj,27
kojon,1
qaqaj,3
qachuch,1
qetami',4
naj,35
jq'iijaq,3
tsachtqa'n,1
tkamtqa'n,1
xani',1
qetmaaj,1
qachaak,10
ojb'ee,1
tkan,19
k'ulu,1
qak'ute',9
qasuwaan,1
enkesey,11
q'atb'tzij,2
t'ijb'ij,1
xaqne',1
konen,1
choq'ab',1
lajchaak,1
tiyoox,12
wuj,12
tzuq,1
awi'b',1
ak'atanal,1
atwi'n,2
qab'ij,6
jcholaj,4
tzuqb'el,1
kwini'n,5
jurub'tine',1
tqakamsaj,3
tijini',1
jk'amik,4
jb'ee,7
upiis,1
achaak,4
tib'an,3
tink'eyo,1
tink'iya',1
xpee,24
tab,1
juj,17
b'aq'wich,2
ixiim,3
tatzek,5
eey,1
xtzek,5
jb'aq'wich,11
b'o'j,32
xq'iw,1
xraqin,2
ril,39
xq'i',1
jb'o'j,4
xalmaj,2
b'ik,148
kali,2
xwux,1
b'uuq,8
xpaxin,1
wichaq,3
tichaq,6
oq'ch,1
wich,2
nad,44
makoj,1
rene',8
rupiis,7
jkoje',4
jch'aje',1
rtz'iq,6
jmese',1
rt,2
jwa'x,9
jk'ome',1
jkiyem,1
taljwi'laq,1
qawinaq,13
trna'tqa,1
rupiisaq,1
o',2
kwalkyer,10
qab'antaaj,1
jinopcha',1
tiijb'alib',1
eswel,1
jderech,2
qaderech,1
niijun,1
chiqe,3
tijtijoj,2
jtaqik,2
jchuuch,34
at,28
tacheje',1
awk'lal,2
eskwel,8
b'oo,1
leskwel,6
tretmaaj,3
or,14
erk,1
sacheli',1
kitz,30
jchoq'ab',1
tqila'n,5
nik'qe,1
xuqi'n,1
qanoj,1
qab'entaajk,1
qab'antajk,4
tretmaaji',1
kwent,7
jtziijaq,1
chiji',1
qáchak,2
tkwin,6
tinawa'x,1
jch'ek,1
jtijoj,2
jch'ekik,2
restudiy,1
qab'antaj,2
noj,1
ojti,1
kwin,18
tqak'ex,2
qano'j,4
qapensar,3
rii'n,6
pacheco,10
alde,2
ba,12
elote,1
comañia,1
yolojtijb'ij,1
k'ux,12
lsa'j,1
segun,4
ta'l,5
titik,1
ltiyempo,1
sa'j,7
lij,1
k'echelaaj,9
tijk'amech',1
jtiyempo,2
tyu',4
rchoch,13
kabalmente,10
pechik,5
xk'ul,4
ék'el,59
xiij,28
miraa,2
sii,3
tamyen,1
tinsipaj,1
namas,2
wetam,9
tinb'e,2
ák'il,5
chuwaji',3
inbee,1
estaa,3
biyeen,11
uk'il,14
tayol,7
uk'anqe,1
mutz',1
ab'aq'wich,1
tabiyeen,4
xmutz',1
seraa,4
teraasa,1
win,10
xinb'ij,14
woj,18
xwa'x,28
xelchich,2
weno,3
qatzeke',1
tzekmaj,1
qawi'l,17
tzaq,19
atkan,2
petik,2
qalmwers,5
cha'saj,3
nonli,3
tzekik,1
xpechik,1
yaaj,7
gust,1
rb'ilaq,6
bokad,1
yataq,1
tintzaq,4
puñ,2
kabalmnete,1
yamer,6
chaq',8
raaqin,2
wen,11
raqin,2
xwi'la'n,1
kaaxaa,1
kofree,1
nojsool,2
chowech,1
atz'iq,20
mant,1
saq,21
taqch,26
xijtoretaqch,1
jab',17
xtore',1
yaj,18
xk'amech',1
maqatz'iq,1
xe'k',10
tew,1
lmar,2
xtoreech',1
tpe,36
pa,4
tuwa'r,1
tqachape',1
chapik,5
jnon,25
alayre,1
troqtaj,6
alfinal,1
kwenta,3
no',9
tqat'oj,4
qat'oje',2
ray,2
tawil,12
inpuch,4
tikami'n,2
tkam,4
petzel,24
xt'oj,8
putzul,1
qejoq,1
xani'n,1
xk'is,11
istoriya,4
xink'uli'k',2
ójr,125
ák'el,4
xink'uli',4
katorse,3
yaañ,1
xinb'ee,2
rik'i,41
wálb',27
álb',1
xinj,1
yuuq',1
xijtaq,2
xinb'ana',2
kumpliir,4
xinkojooni',1
bay,52
xinb'e,15
jno,10
maas,3
pu,1
miq'iin,2
xintijooj,2
wib',8
poop,8
opiisyo,2
juntiir,128
wetaami'n,4
wetaam,9
xinwa'x,18
dyes,5
aañ,16
xinwá'x,1
jrchooch,2
xijchwe,1
utziil,23
xinkojon,2
rb'anal,1
inwi'liin,1
xojk'iiy,1
k'ax,31
xqatiij,2
tamb'yeen,2
k'axi',2
remedye,1
xqab'ana',2
xojkojoni'n,2
antose,5
b'iik,3
aa,12
tyemp,7
k'ulnaq,1
k',1
xinkaan,1
malkani'roq,1
il,13
syempre,8
tqab'ana',2
aalgo,1
xinpee,1
riij,40
kirneera,1
meq'iin,1
xinkojooni'n,1
xinij,1
aq,19
tzan,7
tandas,1
b'aniik,5
wetemaa,1
treens,1
xwetamaaj,1
jb'aniik,9
xintz'aqónik,2
wetami'n,4
tob'iy,1
wet,7
skeere,1
inkwint,1
inkwínik,2
tinch'iij,2
ivta',1
atz'aqónik,1
intz'aqónik,2
ki´,1
tinch'ij,3
pwers,4
tinkoj,7
tiwi'lb'ej,1
peen,6
xinpe,14
baq,1
ximpe,1
luwar,14
ch'anuuj,8
lomas,1
jluwuraq,1
jluwraq,1
jbyenaq,1
ontikeer,2
laad,4
xinpe'w,2
jiloon,7
xinch'ekb'eej,2
inw,2
qleen,97
we,49
xinchakúnik,1
xinélk,1
xojkojooni'n,2
xojkojoon,1
chuuh,1
qachuwch,1
naq,29
xinkoja',1
inqaaj,45
inchuuch,42
xinkojoon,1
chuuchaq,2
xinkoja'n,2
xtaqontáwi',1
tyeemp,3
k'itzilkiin,1
nikre',1
perk,1
intyemp,1
jii'n,6
tz'éti'n,1
lojorii,1
aj,45
yo'lkini'ka',1
iil,3
xi'tyemp,1
kanalkiin,2
lajo',1
tqatija',1
qab'ana',1
qanesida,1
rajwexk,1
rejwexik,1
teqab'an,2
rejewaxik,1
[loke,1
teqa,8
teqab'an],1
nesesida,1
chakúnik,2
teb'a,1
teqachep,1
elaq',1
riteb'a',1
tuk',1
chapónik,1
eel,10
taata,4
enjeemple,1
enjempl,2
tamb'yen,3
jb'iij,45
enjeempl,1
áanm,1
ifwálb',1
ánm,147
katarina,3
kalaam,3
b'iij,5
méndez,4
lópez,3
rí,1
ivi,7
xatyu',1
alb'ixiik,1
diyunab'es,1
xatk'uli',2
ifno,1
neri,120
taat,58
ji,21
alib'ix,1
kub'i',2
xinalib'íxwu',2
ruk',35
xojresaj,1
k'atzan,9
xojeelch,2
xojpee,1
wooj,11
kub'i'y,2
wu',2
naji',9
wa'x,11
xojwa'xi'n,1
dyoos,19
lomism,3
xojwa'x,6
naaj,8
kaad,1
temporaad,1
aq'an,1
saqwech,5
jmm',2
xinwa'xi'n,3
xansaj,13
wuchoch,1
wuchooch,3
xinwa'xi',2
ivlamas,2
t'i'ame',3
xatwá'x,1
ifqame',1
k'eche'laaj,4
qame',7
qája',5
qechooch,1
xooj,3
ka'n,67
titzaqow,1
ach'olaq,4
ifta',1
kaan,1
awaas,3
xqil,9
ivpero,1
ajwi,3
b'atz',1
b'aatz',19
puur,4
tuun,1
tuoq',1
wii',3
tamyeen,4
dyos,14
ma'ajlam,1
junaab',9
naaji',1
qaternb'eej,1
kerneero,1
jii',27
kla,5
wax,1
xqab'an,23
q'uuq',3
jwiich,71
ift'e,1
xqila'n,5
qila'n,2
ivper,1
tqa'chi'n,1
tataqa',1
ki'n,6
jwichaq,10
tyarin,1
sachi,2
tachiki',1
penikare,1
wa,4
ojeel,1
eeik,1
ojwakat,1
ojb'énik,2
ak'al,5
qachooqob',1
jori,8
tqach'ij,1
ivtonses,1
xatwa'x,3
liya,6
xinwa'xin,1
wa'xi',1
naji,4
xineel,4
xinqeej,1
xinel,2
ptaq,4
sektyembre,1
k'aaj,1
jeneka',1
sktimbre,1
k'achee',4
ivatqej,1
miq'in,4
qeeji',1
k'achee,1
ees,7
titij,1
kirneero,2
tuqane',2
uxiib',10
nochewen,1
tb'antaj,5
och'ooj,3
b'aq,4
loomo,1
aq'anchich,1
b'i',3
ki,5
jin,3
ivtos,1
xatija',1
ajtijol,1
inajtijol,1
xintiij,1
chapkari,1
ki',6
tanch'iij,2
tika',7
inb'iij,3
weelt,1
tanb'iij,1
atkojon,3
ko',7
kojoneel,1
dyóso,1
xqakoja',4
tich'aaw,1
chuchqájw,1
tqakuya'n,3
tijkuya',4
almajiik,2
keta',4
elaam,1
keta,1
ripu,1
tch'a'w,2
kristyaan,6
chuwe,20
men,1
nqaaj,1
ojche',10
chqe,71
xqata,2
pixab',3
xisaj,2
jiin,19
byen,4
qapixib'aji,1
xqa'an,12
qapixb'ajk,1
maqalq'aj,1
jal,24
maqolq'aaj,1
tiko'n,19
moqolq'aaj,1
rxiij,1
xintaaw,1
miism,4
nuunk,2
machep,2
miij,34
tzaqal,4
kinye',1
junlaad,1
utzaja,1
tz'eti,1
xqakoja'n,2
tz'eeti,1
xqakojan,1
tz'eetire',1
talqawi'l,1
wi,30
troos,1
poraalg,1
ivta'chiin,1
xk'isi'n,2
chaaj,3
jtaq,2
kuwa'y,1
tipe'w,1
qáchij,2
xinb'éenik,1
petzelkiin,3
petzelki'n,2
xe,2
tobiiy,1
ajyo'ln,1
ja'm,2
richaq,3
kwnad,1
are,5
xojéel,1
b'anal,6
ilaan,2
intikuxtaj,1
luwuraq,1
k'ache',2
lugaar,2
táj,2
luwaar,13
petzalkini',1
wa'salkooj,1
tran,123
kirneer,11
ivtons,1
taqejastaqa,1
wa'kx,1
qile',4
ivaa,10
jii,7
wa'kix,2
xiq,8
wákx,13
kerneer,2
tib'e,6
utiw,2
iftijtija'tqa'n,1
ajyuuq',2
tijateqa',1
xeem,1
jrqan,2
yuq'únk,1
chajal,4
b'yeen,4
qachojb'al,1
koraal,2
chajalik,3
byeen,2
petzakini',1
[tze´kiinpetzelkiin],1
petzalkiin,1
xamaj,2
tz'aaq,3
xa,4
atz'aq,1
tz'aqonik,1
wk'an,6
xinmaj,4
xinmajwu',1
juwi'l,6
rejwéxik,1
rajwéxk,1
taaw,5
diya,6
domiing,1
tepeew',1
[ta',1
k'aayb'ta',1
qak'ye],1
rajwexik,1
qakoos,1
rajwex,1
teqaloq',1
nway,1
xintijojwiib',1
xintijónk,1
k'tzan,2
chuchu',5
julia,1
saqb'iin,4
jchuchaq,1
makarye,1
xintijónik,2
tiq,12
wile',7
ta'tene',1
xchap,4
ínq'ab'i,1
xk'ut,5
tne',4
chiwich,1
teq,1
wilee',1
ne,19
tz'aq,1
xeel,2
inwch,3
xyuuq,7
sb'estya'n,1
ch'qaap,1
rixóqol,2
lejandre,1
xuuq,1
wk'il,8
ka,5
kin,3
naan,6
kinb'an,1
inche,1
miiy,1
[kche',1
tche'],1
utz,2
chu',1
jsutiik,1
raq,11
xeeli'n,1
tziyiin,1
tziiy,1
tziyi'n,3
inb'o'j,1
tziy,1
xib'an,2
xwetemaj,1
jelon,3
xinmaaj,1
xwetemaaj,2
temay,1
wtaam,3
opisyo,1
wetaami',2
b'itik,5
pwees,1
bwenisima,1
ati',10
ajiyoom,3
ini'n,14
wi'maam,2
untiir,1
wech,1
teqa'n,10
inb'itow,1
wonaq,1
xelto,1
inb'itiw,5
i'n,4
tob'iiy,2
imaam,3
wilb'eej,1
ajtinb'ana',2
jwersa,1
liy,1
jweraan,1
nb'eek,2
nb'ek,1
inb'eek,8
purament,2
walk'ual,1
twilb'eej,1
wuk'laal,9
tikoj,2
afweer,1
jchape',1
ajb'anal,1
cheek,5
xab'an,18
waaj,1
jujun,20
delikaad,1
delikad,1
mjetene',1
te'eel,1
chúwch,12
kerstyaan,1
inch'ool,3
tz'eeti'n,2
ptzalkini',1
intarget,3
petzalkin,1
inklas,2
xinpeeti'n,2
pe'w,2
inpe'w,1
ék'al,1
ák'al,5
wimaam,3
entos,9
t'iwile'teqan,1
je'qelon,1
jeqelon,2
atb'itiw,1
tikojsaj,2
titzib'ik,1
tuuj,19
tzaqin,1
waqaqiib',1
qaqiib',4
titziib'ik,2
b'elejeeb',5
titzib',2
lele,1
tetziib'ik,1
tetziib',1
mens,2
te,5
b'een,1
b'elejeb',2
wile,1
nsolaj,1
insolaj,2
wene',4
taqw,3
tekoja',1
jtujaq,2
tenkoja',1
wu,5
kata'n,1
awile',1
iftiq,1
uwile',1
qelon,2
titzib'teqa'n,1
tzib'teqa'n,1
wein,4
awe,16
kamnaqtaj,2
q'asal,3
taj,6
tempwersijí,1
tempwrsiji'n,1
rik,58
tawila'n,1
yo'lkooj,2
b'antaj,3
wuka,2
welk'uaal,1
pyor,5
kaar,3
k'ur,4
mojoor,1
jwers,5
#,1
uqtaj,2
uqta,1
b'i#,1
[poepor,1
es],1
jono,1
saq'órb',1
lat'ijme,1
tenb'an,2
jika'lon,1
wetaami,1
tinb'it,3
ak'el,1
b'it,7
awetami',1
rel,4
teb'e,2
jaa'aq,1
nee',1
wetasmi'n,1
jja',1
inkwini',2
jkunajk,1
tijta,4
tormaj,2
ralaj,10
tinkunaj,1
ta'an,18
chi'n,7
puroment,1
xichaq,3
ja'aq,2
inkwini'n,2
inkuwini'n,1
tikuxtaj,3
inwi'lin,2
krtyaan,1
tre,6
keq,1
pyeeq',1
kon,12
tisipoj,2
jmux,1
trel,3
nek'u,1
sipoj,1
mu'xaq,1
ivti,1
ch'iqiiq,1
tb'ij,38
rile',8
nikali,5
pujiiy,2
tijb'i,2
teche',2
rika',9
lon,9
jika',4
jcholaajl,2
jcholajl,6
eywaal,2
xan,70
xumaan,3
xq'axk,1
iywal,2
yameer,1
xkam,19
amer,1
iywaal,2
tu',2
jikalon,1
tantaaw,1
jcholaaj,7
woron,13
taye',5
ayuwaab',1
titziib'k,1
ee,6
tiqaye,1
mansaniiy,3
req,1
mansanilla,1
alwiin,2
qatzak,2
manooj,1
ivkita',1
ayuwab',1
tak'am,7
ospitaal,1
entonses,6
nuuk,1
tziib',1
tzib',2
je',1
awi'aam,1
ajlal,1
atb'itow,1
mu,3
apart,2
wi'jmaam,1
enteer,2
inilb'enaq,1
inchaak,7
juntiiri',1
k'aslemaal,1
liiy,1
nik'j,5
tiq'ax,6
titaawk,1
ifaa,2
te',6
kab'aal,4
tib'ijte',1
tijb'jte',1
kapne',1
tjqalaj,1
qatiit',20
iveso,1
moon,1
tik'isi',6
juun,28
tjb'ijtzaqe,1
tb'ijtzaqe,1
abes,1
am,1
trajlaj,1
rajb'al,1
jtzaqe,2
b'ijtzaqe',1
b'ijtzaqe,1
inwi'il,1
tb'ijye',2
jye',15
rawásb'l,1
ejempl,1
yoob',1
',1
utzaji'n,5
teel,3
te'l,2
ne',18
awaasi'n,1
tika,3
tik'asi',1
empediid,2
tk'asi',1
rawaasl,1
rawasl,1
tijtaaw,4
mta',1
looq',28
titaaw,3
impediid,1
rawasel,1
rawaas,2
tatin,2
peroo,2
tib'isaj,1
jcholaajel,1
tijtaw,4
ka'li,1
akirneer,1
ataq,18
akwa'yaq,1
awk'ilaq,2
xatosáyb'aq,1
kan,28
awk'anaq,1
xwa'xi'n,3
xwa'xi',1
kijeb',1
qawákix,4
qk'aan,1
kijeeb',1
xq'ununi',1
qawákx,1
ye'saj,5
xnaq,1
xq'unuun,1
qáwuj,1
entoses,1
tambyen,12
qakerneera,1
ivbay,1
xinwil,8
qakerneer,1
xk'uli',4
xe'taq,1
xqak'ayeej,4
xsach,3
ifxqak'ayej,1
qawaj,1
tiyuq'un,3
kasi,1
wk'laal,5
kiib',34
juli,1
xkaan,7
xqasach,1
loon,3
xsaach,1
awaaj,4
ab'o'j,1
xasacha',1
tz'ólm,1
b'alche',1
b'olchee',1
inpiiq',1
intz'ólm,1
intz'olm,1
inmoolt,1
tinb'anb'ej,1
inwii'l,2
#iltampuch,1
mamiit,1
kont,6
kleen,1
moraal,1
awetz#,1
b'anol,3
b'ane',3
tench'ijtena,1
nika'ri,1
ree,150
tnch'ij,1
yajeel,8
tanch'ij,1
xook,13
mood,7
ta'chiki',2
taq'i',1
tenq'i',1
jchapiik,1
timb'iij,1
chawee,1
kub'ulkinin,1
tiq'oxowi',1
wiij,1
k'exi'n,4
q'oxówk,3
teqach'iij,1
tiwik'aajin,1
kine',1
rii'j,1
tamb'iijin,1
tuwk'aajiin,1
wchelkaan,1
liije,1
xkámi,1
nab'ee,15
alib'xeel,29
wechelka'n,1
xintaawin,2
alib'xel,1
taw,21
tawiik,1
tantain,1
kwan,5
xkami'n,2
xkami,2
poowr,2
xkaami,1
jmak,4
ri'jib'ik,1
niikj,1
rijab'i'n,1
rijob'iik,1
rija'b'i'n,1
t'oki',2
qayaaj,2
impalaabr,1
xinb'iij,2
inyólj,4
pasaar,1
xayol,2
júnktz,1
xataw,5
k'echelaj,1
k'echelaaji'n,1
k'eche'laji'n,1
dyo's,2
loq'laaj,1
muund,2
montaañ,2
tb'ee,5
b'anikt,1
roqol,1
asyaq,1
naqaj,5
ifaay,1
qab'iit,2
ketaant,2
q'uraam,1
k'am,11
atb'e'w,4
kúurs,2
chíkw',2
xatok,1
swaan,11
kow,13
rqan,13
taqal,1
taqali'n,1
ajtaqali'n,1
ojok,9
estuuw,1
rájw,7
ifay,1
qeej,1
xb'ansaj,6
liw,1
táq'aj,3
qechi',3
tata',2
moos,4
wí'w,1
lomiis,1
karlis,1
wila'n,1
rejwex,11
xqak'ayej,1
jq'aab',5
wechaam,2
toor,5
mends,2
xqab'iij,1
ajweraan,1
jqaxo'l,1
xk'ayeej,1
keske,4
kertyaan,4
mosiib',2
ast,4
manuel,2
jamali',4
jamali'n,3
ok,5
chikwu',1
únik,1
xeq,1
páwl,1
siik',2
eesti,1
richooch,6
errere,1
wk'u,1
wes,1
kulaax,1
jali,13
ch'aqap,2
purment,1
qek'an,2
rechoochaq,1
krestyaan,1
chiik,5
jqaaj,68
tzen,1
tjb'ij,34
keer,1
dsiir,1
jamali,1
uleew,55
iy,1
jluwur,1
rik',2
qeoj,1
xqaloq',2
cheent,4
delgaad,5
loq'an,3
qak'ayeej,3
cheet,1
antoos,2
chiki,8
tayuq',1
awáwj,1
om,1
atkwínik,1
kenloq',1
k'ayeeji'n,1
tak'ayeej,1
k'ayeej,1
antos,5
tab'yen,1
wila',4
qapersoono,1
santil,2
qatilmiit,2
[sant,1
santil],1
santiil,3
xyuq,15
qee,9
tekan,1
jk'ayeej,2
jamb'an,1
loq'iik,2
tene',4
xqayeew,1
stentisinko,1
ketzaal,2
xqaye'w,2
tentisinko,1
jpwaq,5
qi're',2
qi're,1
waakx,1
xak'ayej,2
xqaloq'b'eej,1
jose,2
kli,4
intoq'b'sa,1
xinye',2
pr,1
jraasn,1
tonses,8
loq'om,7
lwaar,7
puka',1
awi'laq,1
luwaari'n,1
luwaari',1
jelii,1
xojchep,1
k'eex,3
awila',1
qarajuwexik,3
ruqtaaj,1
xqan,2
qak'ayej,1
jkamik,1
marseed,1
qaqeel,1
xk'isa',2
kins,3
xmaja',2
diesiseys,1
dyesiseys,2
jb'iik,4
k'isa',1
majal,1
qab'iik,3
xkaam,1
qaloon,2
tqab'iij,2
ojchaq,1
qatyemp,1
qaoor,1
profeción,3
como,41
losmedios,1
qalwar,2
qaswaan,1
xyool,1
raa,2
petzeli',3
nose,1
juwisiyo,1
inkwin,9
inyolow,2
qayólij,2
berdaa,1
juwisyi,1
xk'otsaji',1
lamasi',1
b'awitz,1
ta'ji'n,1
tijk'ul,2
tijk'ula',1
ulewi'n,1
xb'ij,2
lajorii,5
tijna',2
nimoo,6
kafee,1
ortalisa,1
produkto,1
lajq'or,1
tipee,1
twa'r,1
nejchaak,2
tijtzaq,3
qawá'xik,2
tqa'ij,2
makinas,1
motosyera,1
detantos,1
kiitz,26
tik'is,1
berdee,1
lukas,1
pikim,1
chixikiin,1
tk'is,4
poreso,2
winaa,1
xkantose',1
despwe,1
rejwexi'n,3
rejwexi',2
pwe,2
bee,3
ake,1
esperans,1
uspantán,30
munisipyo,1
semyer,1
tijtaqtaqch,1
aldeyas,1
nimlaaj,9
tojsaal,1
tooj,2
tijtoja'tqa'n,1
tawila',1
tiyempo,2
xtikmaj,1
chipaajaa',1
chipaaj,7
nili,1
suwaan,3
paja',1
k'aslik,3
nejchak,1
jwisyi',1
xk'otmaaj,1
ta'ji',1
xk'otmaji',1
nom,1
sufrio,1
tzawch,1
baldo,1
tink'anwaj,2
xatpe,3
awch,2
áchak,3
ojala,2
rchaak,1
jb'itik,7
qayoolj,1
apetik,1
liyandro,1
tinyool,2
tiyemp,2
ochent,1
ochentayun,1
ochentidos,1
xqaq'asaj,7
k'exlaj,1
puwes,15
xqata',2
radiy,1
tqata,1
xyu',4
xensaj,8
jtorik,5
kistiyan,5
xqila',4
ch'ich',5
telebisiyon,1
qab'aq'wich,1
xk'atsaj,4
rchochaq,12
kuwando,4
kib,1
rchjilaq,1
jqaajaq,4
kuwand,6
xk'iy,5
ty,1
jchuuchaq,4
nij,6
peep,6
jtitz,1
jq'ab'aq,3
b'onxaq,3
sentaw,3
troqb'ej,1
jb'isaq,1
jpuwaqaq,1
xk'iytqa',2
xk'iytqan,1
xtija',1
tqa',2
tsach,22
qanm,5
tkuxtaj,8
jwi',4
sikiyer,2
treen,2
jtiko'n,1
jtikik,3
jtikon,2
kirner,4
jch'olaq,4
xqaq'asoj,1
qaluwar,1
xi'ta',1
luwarin,1
lwari,1
xq'axuw,1
k'u',9
ajb'enol,2
laq'ab'in,2
laq'ab'i,1
tch'eb'o,1
tiluw,1
muk're',5
kitik,1
tkoy,1
tikutun,1
tch'eb'saj,1
koxk'ol,1
xq'aax,2
tzach,1
tqayol,2
qalek'wal,1
qech'elxik,3
kiki,1
sib',4
xqatij,7
janm,1
xyol,5
chuweyn,1
xtijyol,1
jumuq,2
tral,8
ajkob'n,1
nik,2
eek',4
nuch',14
twa'x,7
rulewaq,5
ajnaj,1
pablo,1
baldiya,1
xoqtaj,1
xuqej,2
koral,1
tijtj,1
esal,1
rady,1
notisy,1
tz'etel,2
qawinaqil,1
xye,1
kuwent,2
meb'a',1
jwili',2
k'iy,12
sub',4
richjil,8
xk'at,9
jq'unikaq,1
jkaa'aq,1
rixim,2
jkinaq'aq,1
ru,1
tz'ij,1
xqaya,2
xq'asaj,6
tijb'al,1
xtz'apiri',2
qate',2
ta'saj,2
tk'atsaji'n,1
tb'ensaji',1
xtz'apir,1
i',3
xirij,1
tichupi',2
xchup,5
qajawl,1
xka,2
kis,1
reex,1
xtowa',1
relk'uwal,1
tyolow,12
yolj,2
k'exlan,1
k'axlan,5
tita'saj,1
yoljaq,2
tqe,2
jasjan,1
tich'aw,7
chu'sil,5
qayolji'n,2
saach,1
qayolj,41
xpaax,1
pakayas,1
jnimal,7
xpaxini',2
tukuwin,1
tqab'it,5
utz'il,2
oji',13
kuwin,4
yolow,9
jsuk'lal,2
tk'utu,1
qawch,3
oond,1
ojtijoj,1
chusili',1
wnaaw,1
wi't,1
tch'aw,14
qij,6
qatijoj,2
qalk'wal,2
oo,1
uj,1
ko,3
tisuk'maji'n,1
kuwina,1
witii,1
ajk'omol,2
qetz,6
tkuwin,4
t'o',3
juwich,5
tichupk,1
tik'iyeri'n,1
tnimani'n,1
juwa'x,3
tqasuk'usaj,2
qayuj,1
jpam,6
chiqaj,1
tichup,1
jinom,1
pcha',6
ch'ab'el,2
kita,6
xpaxini'n,1
noji',1
onde,1
on,6
ojkuwin,1
k'ixib',1
ajtilmit,2
tik'utuni',1
relk'wal,3
tkutuni'n,1
tpaxin,1
met,1
yow,1
ojk'ixib',1
onkesey,2
ojkwin,6
ojyolowi',1
k'iche',7
yolowi',1
k'itj,2
ojkwini'n,1
tqata'n,2
jnimirsaj,1
eskuwela,1
tk'utuw,2
tijsik'ij,6
retamaq,2
ojinom,1
qalugr,1
qakomunida,1
qetam,14
tqasik'ij,4
ontii,1
rejuwexi',1
tlatun,4
katekista,1
direktiba,1
klas,1
komuyon,1
konfirmasiyón,1
matrimoyo,1
bawtism,1
tinjsik'ij,1
bibla,1
taqe,1
reya'j,1
kikita',1
skwel,2
qachomb'al,1
ri'j,11
tijna'w,1
asroon,1
tqakos,2
qach'ek,2
rijeb',2
jwili,2
qakomunidad,1
komitee,1
alkald,3
awsiliyar,3
komunidad,3
chaakun,1
qasik'ij,1
tqila',3
jinompcha',1
qab'anik,5
tb'itu,1
qayol,2
tqetmaj,1
sik'ij,4
k'exi',6
jtz'ib'aj,4
jsik'ij,1
tijon,1
ajk'amol,1
qab'ee,3
tuk'u,1
tow,1
k'itja',1
chkoni'n,1
qaj,4
tqatijoj,3
tqatok,6
tk'u,1
wi'tnen,1
qatijoji',1
tineen,1
chqawch,3
ku,4
ch'aw,7
tb'it,6
tqanimirsaj,1
jyolj,1
ajtilimit,1
tqatz'ib'aj,1
tqasuk'saj,1
q'oo,1
xetlox,1
ajniri,1
ajb'aa,1
q'anchelaj,1
tqamulaj,4
tqakojtne',1
traa,2
sentro,1
eskritur,1
jb'itb'el,1
qetami'n,2
xqetmaji',1
qasuk'usaj,1
rk'axlan,1
xqatijoj,5
qiyeqib',1
eskwela,4
tichokoni',1
ticholoni',1
brebe,1
acontinuación,2
hobre,1
retami,1
mañas,1
bolber,20
tijmech',1
tz'i',7
jm,1
kask,2
tijtoke',2
benad,9
tijte',3
tijchep,3
see,1
xta',28
k'omol,12
koop,11
kik',4
treqach,1
tiyuq,11
tqejchich,1
tijk'amchich,2
jmorral,2
tpet,8
tijk'amch,2
jmorr,1
tib'ek,3
boos,21
xatkwin,2
labenad,1
chilamiyer,1
iinb'e,2
ak'l,9
retami'n,3
trene'j,1
kasar,1
ojb'ek,5
amorral,1
ta'k'ex,1
xqasaaj,1
jmoor,1
inmaña,1
tinchepe',1
xaatij,2
abaay,1
rekomendar,2
orasyon,2
tatok,10
awechi',1
xte',2
xchep,13
kwatro,4
koopaa,1
k'amolch,6
qulaq,1
xuq,14
tintren,1
jwelagran,1
put,4
xoki',6
pen,8
jchek,1
k'exchaq,2
trik'aj,6
b'asi,1
pobr,34
reqajch,1
benaa,17
k'it,2
dyunabes,15
xk'amch,11
sipaj,3
tinsepaj,1
pongams,2
awichijil,1
sachoq,1
montañ,1
tijkojchaq,1
xakamsaj,4
xijsachoq,1
xe'w,15
abenadaq,1
potrero,1
jwákix,3
limontaña,1
inwákix,3
tintikam,1
pas,3
ari',2
tijtuqtije',1
tachejej,1
arifle,1
chajaaj,1
tintinya',1
awákix,1
tinchajaaj,1
talmaj,4
kas,6
rib'a',1
xijye',9
tijtije',3
potrer,5
jpech,13
xkajk'ame',1
medya,3
xqech,2
tamiyen,1
je'aq,1
tijich',1
amig,1
rifl,1
jwil,1
plomas,1
kare',7
koji',1
bnolber,1
xatkam,1
chawij,2
ayjwelaa,1
kamnaq,3
xana',4
xye',24
k'etz,3
rk'an,9
tokon,2
anastasio,2
pinula,7
aca,5
huerfana,1
xxxkajye',1
rixóqil,11
lek'el,1
xxe',1
seche',1
lék'el,10
xkaye',1
jmaam,7
xk'iiy,1
q'opoj,17
sergiyo,22
xch'ab'en,1
jtit',2
k'ojol,8
b'ochij,1
xk'om,6
maaj,2
xink'omach',1
neejchukuj,1
tz'il,3
sergiyos,1
tzile,1
tijsek',2
angelika,22
tyuq,17
tq'ajch,3
rk'lal,12
tok,5
kojik,1
sek'ik',1
xpetk,3
konsejar,1
xelmaj,1
xtaq,6
mexiko,1
xril,11
sek'ik,1
xoq'o'l,17
tpuq'w,1
tnek'owk,1
pwaq,9
xi'j,44
tawesaj,3
awee,6
akeyb'el,1
tatukxij,1
t'oq',11
numoo,1
tuwa,1
tuwesaj,1
tk'utunk,1
xjut,1
jkeyb'el,1
tokik,8
jor,23
tresaaj,2
xoq'o,1
angel,2
tijtze'j,1
usil,76
xpete,1
chukuj,1
riil,2
xta,8
xijtoke',3
konta',3
xyesaj,1
jcha,1
ranab',6
tames,1
tach'aj,2
jxib'al,1
xib'al,4
twilin,6
arab'in,1
asache',1
kand,2
xtz'onaj,5
ínb'iij,1
marimar,27
aati,3
inrab'in,4
ch'eb'aa,1
inseche',1
oori,2
chakunk,3
lok,3
tintoj,2
atinkoj,1
lestudy,5
tantok,2
chup,2
ta'ij,2
inaakoj,1
yori,3
yuqi'n,1
aati',4
tach'eb',1
aqaaj,10
xkojt,1
xjokt,1
estudiyar,1
lisensiyadin,1
ranamb',2
tchapon,1
estudyar,3
ti',1
tawiq,2
tq'axime',1
junrat,1
tine',1
intajkiil,2
kili,1
takoj,5
xajab',2
xtoke'ch',1
xq'ajchi,1
xwiqmaji',1
rab'in,6
jch'ich',1
ntos,3
xchop,1
q'ab',8
xk'omow,2
latun,1
ri'nti,2
inye',8
jli,58
inaan,2
rita'n,1
tijmaaj,3
jbistuwaro,1
jilonta',1
len,2
twiqw,1
majpech,1
tril,68
nemo,30
rilik,25
xej,2
tz'onaj,4
áb'ij,3
beyaldama,2
mutz'ik,1
xe'taw,1
xi'kub'er,1
albwen,1
rat,5
q'ojoom,16
xojoj,5
tanwesaji',1
atkuwin,1
esaj,2
xojow,1
awichjili',1
inqajin,1
reqle'n,1
jache',2
jrab'in,2
xch'ob',1
eskrituras,1
rayaaj,1
wiqil,1
xkami',1
xye'saj,8
richoch,12
tuwer,2
xkanel,1
jri,3
xkomsaaj,3
xab'ijtqa',1
q'ab'tziij,2
chopel,1
karsel,1
kársel,1
xkomsaj,1
sergiy,2
ni',1
tatoko',1
intaat,4
kars,1
saa,1
ta'i'j,1
t'iij,1
xch'aw,3
ijre,1
k'ule',1
renato,4
ínb'ij,2
okchik,1
k'ajol,3
xch'eb',2
renat,1
ati'n,1
kwart,3
twer,1
tziin,4
xtoksaj,2
rk'u,1
sow,1
rchjil,1
tijch'ab'ej,2
toksaj,3
t'ewa'x,1
tb'ison,2
kijab',9
wxóqil,1
chqij,1
tzili,1
xujme',1
xtaaw,18
rich,1
neench,4
innaan,15
anaan,4
xe'jtz'ib'aj,1
xi'wa'x,1
tk'utun,2
keyb'el,2
mari,1
tkutun,1
tijch'eb'aa,1
iini'n,1
awk'lali',1
wik'lali'n,1
wichjili'n,1
xukerik,1
yoos,13
kuy,19
inmak,12
siq,3
xtz'ub',1
chinwch,2
xana'n,1
pork,18
b'iten,1
xpeti,1
maria,1
xxya',1
b'atokik,1
jk'iixel,1
jk'ixel,4
inbitar,2
lisensiyado,1
lokex,1
tanb'an,7
onli,10
uk'anta',1
tina'n,2
xt'o'j,1
tawik'aaj,2
k'ut,6
chuweyin,3
sergi,1
ch'ab'ej,5
sech,1
tankuy,1
amakaq,1
xak'ate',3
tawi,1
xk'ataq,1
intit',1
xak'ataq,1
xkom,2
chweyin,6
oraa,2
ik'aj,1
esaaj,1
tresaj,22
xinan,1
yastu,1
ween,2
chresaj,1
k'isil,2
jkeyeb'el,1
tijut,1
jtzam,5
tukxij,3
lajkeyb'el,1
keyeb'el,1
lonk'u,1
tz'ib'aj,1
lisensiyad,1
like,1
tijtoj,2
syempr,5
wech'elxiik,7
étzel,27
aanm,4
jkoorl,1
xitij,1
q'et',1
xtik,5
íchij,12
napx,1
tra',3
xelch,17
tijchakuj,1
neb'i,3
kyere,4
desir,7
rijil,4
tijch'ek,2
tijloq',3
familya,1
yob',2
sik,3
jnaqaj,1
jkorl,4
tz'eet,10
tikam,6
waanm,1
tantij,2
tinrayaj,1
mod,31
tantz'onaj,1
tijk'ayaj,1
ticha',15
yoq'on,1
tatik,3
xintika,1
wíchaj,1
aq'aaq',1
tichakujk,1
áq'ab',1
jchakújik,1
inya'w,1
awichaaj,1
na',3
q'aab',3
inok,1
sikyer,2
tinwesaj,1
raqan,2
kere,2
tata'w,1
tijye'w,1
tijtz'onaj,3
usiil,12
xchejej,1
jresaj,3
xijrile',1
richaj,4
tokol,1
íchaj,6
tokow,1
wichaj,3
jyajik,1
titokow,1
alq'omb',1
aber,7
pyoor,1
jrixóqil,1
ranm,16
xu'tokowoq,1
inchajaj,2
xchajaj,5
nik'are,1
trila',1
jtij,1
atwin,1
atkwin,6
wi'le',1
retaami'n,1
xcha',19
tijyaw,2
xtzaaqi',1
wichaaj,1
xatb'enow,1
tiwinte',1
reech,1
k'ay,9
tikil,5
asi,1
awnke,3
tanye'w,2
b'asal,1
jch'upik,1
xijq'iye',1
b'uji,1
jchee',3
wixóqil,2
ti'ntz'onaji',1
taye'w,2
xintoke,1
jxaq,1
ta'nbwen,1
tank'am,3
wechi,2
atb'enow,1
xatqeeji'n,1
atinkomsaj,1
txuker,1
kuyb'el,1
tajnel,1
qane',7
trat,2
kompromiso,1
nikare',6
xtzib',3
jq'oor,5
iluw,1
jkwent,1
jchuch,1
triil,3
tib'a,2
toke',5
awechi'n,1
kondisyon,1
kyer,1
íin,1
tanya',2
jranm,2
kwaand,1
rarm,1
atb'ek,7
tikan,3
kombenyo,1
atkaan,1
atin,1
uka,2
iitz,1
sewuur,1
tzoqomch'olal,2
tzi'b'a,1
bali,1
inb'an,1
alibertad,1
chejeel,1
tik'isi,1
segir,1
tichaakun,1
olb'el,3
k'isi',1
xch'ajsaj,1
xkajye',1
anmi'n,2
nika,2
xkwini'n,1
jyo'rsaj,1
xk'isi',6
tib'ison,3
oq'xkaan,1
jsook,1
ki'ta',1
xik'iysaaj,1
xk'i',2
relk'ul,1
kwet,1
jqaqj,1
xk'y,1
rre,1
ti'el,4
jchajaj,1
tijmaj,6
ch'qaat,1
jmuq,1
chejel,1
kasteyan,1
titze',1
xtz'apijw,1
timajsaj,1
jwa',1
tijtzuqw,1
tzapil,1
tankoj,2
bire,1
wichaji',1
nejb'ij,4
nab,1
nabit,4
incha',4
aanmi'n,2
inkoje',1
xokoj,1
taaq'an,1
t'ijye',2
jwa,8
jb'aa,6
tisutiin,1
pach'uj,1
ab'a,1
lomejor,1
yaq'an,3
lékej,8
jsumal,4
ab',1
inajuraj,1
xpach'uj,2
jb'a,10
trens,4
t'oojch,1
tijt'ojch,1
jrusumal,1
tikoker,3
taq'an,2
rik'il,45
jtzuqe',1
kwidad,1
ch'ejej,2
atijtaw,1
tijtaa,1
atjyu'qasaj,1
inkan,2
jchakuj,1
tijtz'apij,1
traan,1
tijta',11
kant,1
b'iix,2
tipe,5
xwab'a',1
jkwa'y,7
ta'iik,1
trench,1
jb'ix,1
tib'ixan,1
ta'ik,4
tita'wn,1
ch'uch'j,1
jralaj,1
jrilik,3
nabita,4
tiráme,1
trensa,2
xt'ojch,3
xkooker,1
trakun,2
xaq'an,9
jtrens,1
k'ojool,11
chweq',4
nench,1
lal,1
inpe,1
aq'ab',28
inaq'an,2
ti'nk'acha',1
xeek',5
tib'ixaan,1
b',3
tirame,1
xt'oojch,2
xjakun,1
xkoker,2
xjura'j,1
bonit,5
jb'ochijk,1
tijb'ochij,2
tz'apil,2
tiqejch,4
tz'apili',1
tikokerw,2
retaal,1
xqejch,7
jrichooch,1
xk'omon,2
tijsolaajk,1
tiaq'an,1
tintran,1
kontrolar,1
xnimaaj,1
xq'ane',1
b'i'n,2
xta'w,4
rumumujch,3
tijupup,1
k'iix,3
qewq,1
xkolow,2
ti'oq',2
xtzaqch,1
xyaj,1
xpe'w,1
neri',1
k'achelaji'n,1
xpew,3
t'ook,4
xatjyuq,1
jte',1
nari,5
k'iche'laji'n,1
k'iche'lajin,1
xijresaj,2
jch'ab'ej,3
chikin,1
tit'ojowch,1
nesy,2
tijrile',1
sey,4
golp,1
xk'amb'ik,1
xqejsajch,1
kabalit,1
kolob',5
xjet',1
ntonse,1
jlwar,1
jwárb'al,1
ika',2
xijye'w,1
jlon,38
gnar,2
joor,8
deparatamento,1
quichá©,1
tum,5
ajcot,2
gustosamente,2
lllamdo,1
ho,1
ál,1
chamak,1
asosiación,1
lq'ori,10
tqachol,2
kompayre,18
rka,2
mokb'em,1
ráb'ix,3
xk'astaj,3
moskil,1
rk'i',3
jkompayre,9
litr,3
kantin,3
kesaltek,1
ichiqaaj,1
kompayr,55
kemelal,2
chuwij,7
inqeje',1
insiyen,1
ketzal,9
âa,1
xtze'j,1
rili,1
puwaq,14
uk'ilin,1
iini',1
inchaq,2
b'ek,4
ch'ekik,4
wixiim,2
kerner,3
raaq,1
riki'n,3
ch'awen,1
tche',99
resajch,7
awriyent,3
jkumb',1
kolan,1
tambiyee,1
k'olan,1
jqasajch,1
tchakuj,1
akáºmb'il,2
asik',1
tamb'iyeen,1
insik',1
iinta',1
trenpalt,1
oombr,7
santlaj,1
tq'ob',1
kub'ul,5
inch'ol,2
kintal,2
ink'as,1
ruk'u',1
wanm,3
inkompayr,2
siyen,3
mikita'n,2
á­nchik,1
impuwaq,1
lonli,2
kitan,1
junj,1
jkompayr,15
ta'b'ka're',1
deb'ald,1
achoq'ab',1
paske,2
jib'akare',1
sim,5
b'enam,3
suk'ul,2
xoo'l,1
pek,3
tijkuxtaj,3
wel,1
kub'er,1
jwa'xik,1
jicha',1
chijtaw,1
fufufu,1
silvido,1
xq'uq'or,2
trij,1
linter,1
petzelk,4
qasaj,1
reqan,1
tqaqasaj,1
reqa'n,9
unaq,5
kuxtar,23
chichjem,1
list,7
xikn,1
tayel,1
juwil,1
jtzijaq,4
xtor,6
puwert,14
puwerta,3
frijil,5
tqitz'itz',2
ladentre,1
ladentr,5
xe'l,1
qasal,1
eqa'n,2
yamaj,2
xeltaqch,1
siyera,2
xtz'apij,3
xenjuwa'x,1
jkolb'aq,1
jkwa'yaq,1
ajchajal,1
rooj,1
kontk'u,1
insuwert,1
tata,2
xawqan,2
aq'ow,1
tikawila'n,1
tikata'n,2
qajyub'al,1
qataqjal,1
prinsipal,2
mund,8
benta,1
munde,1
jaragan,1
rajka',1
trab'aj,1
inbid,1
inkun,1
tino'jaj,1
ya',3
aboluntad,1
tiche',4
rorasiyon,1
tiik,1
tayik,1
akl,1
aq'o,1
chimb',2
aata,1
tikawila',1
xinkosi',1
olori,2
jiqenon,2
xteb'a',1
liyadentre,1
puwerte,4
titne',1
xkir,4
xijuraj,1
xkanrile',1
dentr,1
juwert,3
jatiyad,1
tusul,1
luus,2
xkub'a,1
uch,3
uchab'aj,1
siyere,2
xteb'a,7
xkojch,2
jtakil,4
wiqili',2
jchoch,1
kopayr,1
qaxukb'a',1
taa,1
qamaq'na',1
kafe,1
b'eselchaq,2
rtaa',1
qajw,2
nik'are',5
k'ure,1
xkuni',1
mer,6
jkortil,1
bentan,4
xukeroq,1
inpetchina',1
aq'w,2
yuq,3
ink'anwaj,1
tiyuqin,2
inluusi,1
xentaj,4
xinpetik,1
alii,1
xim,3
xatpetin,1
xinpetin,1
ayoos,4
b'oymaj,1
xatq'ab'erk,1
xb'itchiri,1
xb'itch,2
rajojaa,1
xkub'er,2
uqa'n,1
xinte'ch',1
chib',14
kandel,6
deya,1
insiyens,2
kixlanwa,1
asukr,1
chikolat,1
paan,1
jk'olb'aq,1
sut,1
krus,3
kuxtr,1
jkrus,1
k'ure',2
xyach',1
qataq'jal,1
raqa,1
qakáºtz'ij,1
xawáqan,1
aq'wq,1
*krajne',1
aatmer*,1
ajkorti'l,1
ajki',5
me'r,6
korti'l,4
tk'ure',1
xkojmaj,1
diyaketzal,1
jwilaq,1
ruk're',3
nojsol,1
sujsaj,1
xtaa,1
tk'ayajk,1
rkompayre,1
rkomagre,1
tamiyeen,2
atcha',2
chyuchaq,1
neent,1
rjil,1
qatz'aqt,1
rechta',2
q'ab'rik,1
xqaa,1
xamech',1
nech,2
laal,5
b'iqaxuke',1
maje',1
xame'wch,1
rkomayr,1
rkmayr,1
rjkompayr,1
puwaqi',1
xchomsaj,2
regal,1
xijmech',1
xloq',14
pedas,1
natuni',1
chrilikaq,1
tiyent,1
trila'n,1
kowlaj,1
aaq,8
ajtzoo',7
ixtux,1
ttzib',1
xk'astajch,1
yaa,3
tzichaq,4
rilch,1
kajetiy,1
xokch,1
jkompayir,1
cha'l,1
ketal,1
tzine',1
ataw,1
jitka,1
esesike,1
xinch'ij,1
b'in,1
ilb'ali,1
jk'as,1
jyiki,1
inb'antajk,1
palt,3
b'insolaj,1
ak're,1
kosolkat,1
woni',1
rtzil,2
qatije',1
b'en,4
parej,3
jino,15
tnooj,1
kristal,1
tnoj,2
jk'olb',2
tijnojsaj,1
bas,1
jkolb',1
tijpaj,1
trag,5
mir,6
rutzil,1
inchi,1
riko,2
chomsal,1
jswert,3
jportun,1
pajnij,2
awriyen,1
rik'u,11
jkomayr,1
xkola',1
ri'k'u',1
kosol,1
gan,2
jq'ab'erk,1
miq'ow,1
xab'it,1
ayb',1
wilch,1
intach,1
kuli,1
inwilch,1
trab'ajar,1
abid,2
aswerti',1
jit,1
jwanm,1
atch'awi',1
tziyin,6
xinya',1
ilb'a,1
grasiyas,1
inb'anik,1
tqatzaqe',1
ajwonin,1
qatzaqe',1
jmiq'ikaq,1
q'ab'rel,7
xatb'ek,3
chawchoch,1
xinb'ek,3
alk,2
inatun,2
jichaq,2
k'omolch,3
kej,1
koxtar,3
kada,6
lad,3
xinta'ch,1
tijtor,2
tijtzapij,1
kompagr,1
tink'ise',1
kontku,1
tiyesajli,1
atiluk,2
tak'ise',1
atilu,1
intajkil,1
xelb'ik,1
suwr,1
xyole',1
komayr,7
rajne',1
xijt,1
b'ani,1
xjte',1
ajbiyaj,1
natun,6
maay,1
b'aneri,1
xkun,1
torik,4
manab',1
b'ane,1
miyij,1
pinal,8
xokchik,2
relaj,1
tunil,2
liyadentr,1
lijuul,1
ri'traj,1
tijchach,1
nijsochi,1
demas,2
pij,1
chayik,1
konde,1
tkun,1
jmemory,1
maxaq,1
kortil,2
rtziq,1
konkist,1
mexikan,1
xjoj,2
msat,1
bayltor,1
ritraj,1
tor,1
chiwch,1
kuxtel,1
sachi',1
xtukxij,1
wer,2
diy,2
ya'l,9
koti'l,1
xtitz',3
ch'oo,2
tijnab'ej,1
wintik,1
tasiq,1
rux,1
jo,3
qame'nach,1
qiqa'n,1
ajri,3
biyaj,1
lab'aj,1
tqamechi,1
aberiwar,1
tayeljwil,1
apenad,2
xijme'taqch,2
qatoke',5
nik'a',1
xtukxin,1
atziq,1
b'iyen,1
tunuli'n,1
tukxil,1
tr,1
tix,1
xjooj,15
buwen,2
apuwaq,5
atoke',1
tijta'w,2
xtzq,1
xtzach,1
asiyari',1
asiyar,6
kometzii,1
tsek'on,1
rajw,2
xijmetaqch,1
xik'aay,2
xik'ay,1
me',1
sek'on,2
solkopij,1
rwnaq,1
rkompayr,1
takuy,3
inmaq,1
xuqintzaqe',1
inq'o,1
jaqal,1
jeqom,1
jeqomi',1
akomayr,1
xqaye',2
jportuni'n,1
nesidad,1
kuxtaj,3
xkuxtaj,2
po,3
xye'sajb'i,1
maate,1
maat,1
tqaye'w,1
jat,7
xtijaan,1
pwen,1
chikot,2
tz'eta',4
kometzi',1
xkojsaj,5
xye'sajch,1
rka'i,1
xil,7
miyetras,1
q'oxow,1
rik'aji',1
kometz'i',1
xkojsajre,1
rchooch,11
komar,1
xinok,3
b'aj,1
xinkun,1
intzapij,1
tintor,1
itz'apij,1
anyo's,1
yunabes,2
xcha,1
agan,2
jikulon,1
xaqt,1
juraj,2
ombre,5
xinta,1
qakompayr,2
nopuwes,1
xokb'ik,3
xjurajch,1
cha'w,1
jitnon,1
at'elk,1
xinb'anin,1
tintaw,1
xinsek'sajich',1
xatsek'saji'n,1
kometz,2
xilsaj,1
aayyoos,1
moorad,1
ra',1
chelaq,1
xukertqa'n,1
xkojja',1
jkandelaq,1
xkoja',3
rinsiyensy,1
jpoomaq,1
xkuxtaqa',1
rila'tqa',1
xuman,3
xnik'jer,1
seys,5
jyaj,1
sola'tin,1
xkamk,3
kompa,1
eli',1
lokes,1
xkamin,1
tijto',1
jmosaq,3
istory,1
xkank,1
qaqil,1
qatit',1
jikunon,1
mosaq,1
xink'is,2
tink'is,1
listory,1
may,2
estan,2
recide,1
auxiliatura,1
xqacholch,1
qawsilyatura,1
chipaaja',2
kaseriy,1
q'anchelaaj,1
pinaal,6
kila'ili,1
raal,3
aldeya,11
tb'iqane',1
qaxumaan,2
ch'imiyaal,2
t'iqane',2
qaaw,5
xqama',2
qaq'u',1
oojwer,1
oojweri',1
usilyatura,1
q'atziij,1
b'atz'aq,2
tqanuch,1
qaq'aaq',2
tqamiq',1
yaltir,1
nijun,8
tqach'ek,3
ausilaa,1
numrad,1
láq'aj,1
ri'tqa',2
rigidor,1
ausilyar,1
inkambiy,1
miyor,1
oojwa'x,1
enter,7
jchejejk,1
q'atzij,11
ajch'o'j,1
tb'ank,1
tqachejej,1
ajchipaaj,1
xqab'it,9
qiib',10
qatij,2
awsiliatura,1
qapetik,1
xoojelch,2
xuqane',1
usilyatur,2
chólaajil,1
xojelch,1
enfin,1
xkanqane',1
bandonar,1
alkad,1
ren,3
oktorisar,2
prediy,2
pinablok,1
eseelk,1
qatitz'e',1
frofesor,10
diyakwerd,1
q'a,1
ch'o'j,9
problem,1
xqatz'onaj,1
ayud,3
munisipalida,1
fiin,1
lamin,1
aruk're',1
lamnx,1
xb'itk,1
numrar,2
xqakoj,2
nwebo,1
qaq'ojoom,8
xqa,5
mol,1
trist,1
tiix,2
tiw,2
retamaqi',3
iinq'ojomani'n,1
wikaan,1
qaloq'e',4
oom,6
incha'i,1
atq'ojomani'n,1
tawetamaaj,1
lasm,1
qaldeya,12
enkesy,1
jalman,1
tqaloq',2
tokaa,1
kojb'isonik,1
chin,4
kyekow,1
awaldeya,1
qawinaqi'n,1
nweb,1
xojkwin,1
loq'ik,1
qatijooj,1
q'ojomaank,1
tya'tqa',2
qakumb'al,1
tijya'tqa',3
tqa'aa,1
tiniman,2
aq'aab',11
xmiq',1
kobrar,4
titawk,1
q'at,1
markotul,1
ji'nonli,1
entose,3
ojchaakun,4
xentaaj,6
q'ojomaani'n,2
xqak'ul,1
kontoo,1
xuqi',1
ch'usil,1
ojq'ojoománik,1
matey,5
albre,1
alkalde,1
nejb'anik,3
aq'ojoomaq,1
usiliya,1
usiliyar,2
despach,1
tqakoja',2
ab'an,1
kostumbri'n,1
tirna',1
taqa',1
raldeya,1
tak'amwaj,1
agradeser,1
seen,1
esb',1
tewaq,1
kikotemal,2
che'ch',1
naturaal,1
ojloq'aj,1
qatrag,2
qakafee,1
xna'tqa',2
tamal,6
ale,1
alegri'n,1
mn,2
ajtren,1
xmiq'i'n,1
xti,1
xkaani',1
inq'ojoom,1
xqasipaj,1
xinkan,10
tobiy,1
xqab'anaa,1
jpwaqaq,3
tqana',1
gaast,1
tqaloq'a'n,2
tqesajw,1
tqak'is,1
qeq',1
tqarayaaj,3
raqaa,2
nechaa,1
oojatoj,1
pajni'j,1
xqasipaji',1
toj,4
k'itjaa',1
xqana',8
beyntisink,2
beyte,1
tqana'tqa',1
serbir,1
xqab'ita',1
q'ojománik,1
paresk,1
q'ojomank,2
sektimbr,1
regalad,1
k'omon,1
pofesor,1
madr,1
q'ojoman,5
karm,1
kanis,1
taan,1
yu',1
enteresaa,1
k'ítaja',1
rajaq,5
ausiliyar,1
aq'ojoom,1
tijme',6
ajsanantoñ,1
bes,13
pkom,1
xqab'ita'n,4
wetren,1
wetijchup,1
ti'lu,1
q'ojomanik,2
mit,2
xojq'ojomani'n,1
xniman,1
oojtataq,1
oojkwin,1
oojkwini',1
pormar,1
konbenir,1
tqesaaj,1
konbit,2
abiri,1
areglar,1
resaaj,3
kombite,2
oojb'enow,1
nirit,1
uchoch,2
jakili,1
jpaam,1
kaarm,1
yuqte',1
salon,2
ensay,3
ix,2
joob',8
kombit,1
ojq'ojoman,4
rijaq,3
qapwaq,4
ojt'owk,1
dose,4
konto,6
ju'nj,1
b'ita'n,1
tchaq,1
q'ori,1
kambyar,1
xijme',3
ajlaq,1
deferensiyar,1
ník'aj,2
tqamech',3
laq'titzij,1
tyu,4
chikon,2
xkani',5
xqak'uta'n,2
marktulyo,1
xkamw,1
k'etz'en,1
baltasar,1
laydey,1
tik'utunk,1
moyimiyento,1
ojb'enowk,1
jweranta'n,1
b'enowoq,1
dyakwerd,1
qakapasida,3
aportunida,1
kiyeresir,2
b'ijme',1
ajkobaan,1
me'taqch,1
karchaa,1
b'ijme'taqch,1
ajnaaj,1
miil,1
xqatiik,1
xqach'ek,1
tqajaach,1
chijb'itik,1
kepen,1
xojchaakuni'n,1
tijk'iyikaq,1
chaakuni'n,1
xqana'n,1
qatiyempo,1
qupiis,9
qaq'ab',1
raqakostumbr,1
xqab'ana'n,2
xqak'uta',2
qakostumbr,1
jk'iyikaq,2
tziiti,1
tijna'tqa',1
solmente,1
tijchupa'tqa',1
jb'iti',1
karetera,2
tijtaq,3
qanim,1
mariya,1
awsiliyadora,1
titulad,1
ondekeraa,1
pee,7
ajchinaaj,1
xnimani'n,1
xqachol,2
qabesiin,1
beloriy,2
asyendo,1
belorio,1
qab'o'j,3
qaqaqan,1
posaa,1
titulaa,1
xa',1
sansonar,1
ajsik,5
ajiini',2
beyntitres,1
beyntikwatro,1
treyint,1
injunb',1
chakuni'n,1
xinyolow,2
xinkub'eri'n,1
inrelijiyon,1
taant,1
xnimani',1
qachak,2
xkutuni',1
rila'tqa'n,2
tirna'tqa',1
tijchup,1
tijkomsaj,1
jchupa'tqa',1
balemas,1
xqatija',3
jq'iijl,1
tzitz,1
chuk',3
qatija',2
xya'tqa',1
qadesayun,3
xqab'ena',1
qatoje',1
élunik,1
parentesis,1
donia,1
vasquez,1
jovensita,1
maya,8
hablante,5
dijeramos,1
corespondiente,1
lina,1
ayólj,2
imaak,2
tamb'iij,5
oxib',1
xq'apojirch,1
ójer,2
tain,1
peet,3
keko'temaal,2
xk'iiych,3
taqsaj,3
ifjuntiir,1
sub'aaj,1
b'iteen,2
lajoroq,1
inchakuun,1
inb'e'w,3
parake,1
tb'eej,1
tk'atoon,1
mre,47
q'apoj,1
tb'iit,3
tki'koot,3
xi'jqaaj,1
mjoor,17
tiki'koot,4
tqeejch,2
rik'iil,1
b'estyaad,2
tyuqi',1
rk'a',1
serbiir,1
saqar,2
lajkaab',1
acho'b'aq,1
takowlaaj,1
awpisaq,1
tzak,3
qaq'ooq',1
kosolkooji',1
xojqeej,1
iftche',1
xtzak,2
jq'ooq',1
xqeejch,9
k'amol,3
bestyaad,1
jsii',2
kojb',1
tzekb're,1
jtzako'n,1
antoses,2
jenon,1
jpoop,2
rijpeen,1
ropiisa,1
t'ijre,1
achoq'b'aq,1
tqeej,2
kaye,1
marita,1
apeenaq,1
tchqeej,1
tyuuq,1
xch'aja',2
jtzi,6
xchaqa',1
ruk'a',2
jxaar,3
ki'kotem,1
wiw,2
ajchaak,4
xib'aal,5
nab'eaal,2
tosos,1
atoso,1
mare,5
q'apooj,16
rixoqil,5
jxib'aal,4
malaa,1
bida,1
ta'chi',3
jk'a'nuul,2
bale,1
desesperaar,1
xb'isoon,1
mára,1
xk'exmaji',2
no'j,3
majita',1
chapka',2
rik'an,2
xyoojmaj,1
tijb'iij,5
mari'ta,1
awálb'aq,1
awetaami'n,1
jtzuqiik,1
oojwii'n,1
kewlaj,1
mariita',1
tkub'ar,6
awánm,1
ch'aj,3
atziaq,1
jkab'laj,1
chijch'ajiik,1
ch'ajmaj,2
ch'ajiik,2
jkaa',3
xch'ajmaj,2
kaa',12
xooki',1
chaqiik,1
kukub',5
tzee,1
chaqmaj,1
k'a'n,3
xpeet,6
tijiin,3
xchaqmaji',1
jkisiyl,1
pet,2
t'oj,2
jtz'ilool,3
ralaaj,6
mere,2
t'ojch,1
tz'iil,2
inq'oor,1
ch'ajch'aan,1
inchapón,1
tekojoon,1
xtix,1
jakaa',1
tixá­qe,1
paak',2
upá©'ml,1
jkayb'al,7
xmolkochiij,1
xantaj,13
mjita',1
xyu,3
sek'e',1
rik'laal,7
xik'a'y,5
awopisaq,1
apen,2
chepowá­b',1
apenaq,2
makata',1
chaaki',2
axib'aal,2
kub'ureemta',1
chaaki,1
tetijin,1
achóq'b'aq,2
oq'eej,7
aleb'xeel,2
xtiij,1
xchapon,1
retz,5
achóq'b',2
inat'owe',1
walmweers,1
kab'lujuuj,2
tiyajoni',1
qataat,4
tcheqej,2
tjiin,11
xyut'ónoq,1
mesiik,1
jch'aat,2
xkub'ar,3
ch'aat,4
ye'iik,2
jtu',1
rek'laal,3
mokita',1
pensaar,1
xt'o'n,2
antonse,1
jok'e',1
iik,5
jt'o'we',1
kub'uli',1
mkta',4
kub'lujuuj,2
tunaaj,1
xaar,2
ja'q'oor,1
q'utum,1
to'l,1
trelaaj,1
tuooq',1
xata'w,3
xatpeti'n,1
xinpeti'n,1
awk'aan,1
xatpeetk,1
wk'aan,1
xintáqch,1
âta',1
xintaqch,1
xsik'iij,1
jk'ajool,3
xtzaj,1
xyuqi',1
awanab'aq,1
tnatuun,3
rexóql,2
ranaab',1
chej,2
resájk,1
riikaq,1
wiik',2
tb'isoon,6
roxoqol,1
xwi'n,2
tijaaw,1
maxaqta,1
xak'amch,1
sab'er,2
aal,3
weqa'n,1
xatpeet,2
awat,1
atb'isoon,1
inkita',1
inb'isoon,1
kiktomaal,1
awaq,1
miijaa,1
tijawb'an,1
jsobre,1
riik,2
jrab'iin,10
tib'isoon,2
etons,1
rila'n,1
xtijmaj,2
xk'amwaaj,1
wi'ni'n,1
inmoor,2
ek,1
ameech,1
b'oraaj,5
qatzam,1
ch'iim,6
b'ii,1
qab'och'b'o'l,1
qasá­neer,1
aye'q'e',1
wil,1
ch'o'ji',1
ch'im,1
tamb'ij,2
á­chij,3
inche',2
galaan,12
iyk'u,1
xaaq,2
taban,1
qasub'an,1
k'amch,3
b'isoon,7
chikech,2
jchá­kch,1
jlaaq,1
jto'laal,1
riqa'n,1
wetz,3
xi'n,2
muk'u,2
ch'ojniik,3
xii'n,9
â,3
tab'iij,2
âay,1
inwetami',1
wetami',1
b'ini,1
wka,2
qawetz',1
jtiit',7
tiit',5
âmokónta',1
mokónta',1
xq'aaxi'n,1
xná,1
jch'ojniik,1
inkukub',1
resaji',1
xwil,2
xwiliin,1
ruuq,1
âlamas,1
mjá,1
xii',1
nemb'ee,1
xi'rile',1
ná­k'ej,1
tetaaw,1
xatyuqi',1
inte',1
xapeet,1
q'ajeem,1
inwetz,1
uqtaan,1
iinta'n,1
akisiyl,1
tokoon,1
atelmáj,1
akweent,1
inb'iik,1
rik'ii,1
tyene,1
libr,1
wiin,3
ak'laq,3
molkochiij,1
ritzel,1
rikra'n,3
iqal,2
rkra'n,1
mintrs,1
xch'eleej,1
xelmájch,1
ri'ti,1
jch'ool,8
jwi'lt,1
titq'aaj,1
mketa',2
xq'aj,3
q'asaj,2
xijache',1
mjor,2
iljwiich,1
tich'ejej,7
xintaqej,1
awálb',9
rititamb'ijin,1
nana,1
titaq,2
titokoon,1
tiki,1
tik,2
elmaji',1
jsaq'oriil,1
mrel,1
b'ona,1
tijch'ek',1
jrayb'l,1
kree,1
rita',1
aqaaji',1
xye'w,2
ilb'aaka',2
tb'anow,1
qakowlaj,1
tpeet,2
inpeeni'n,1
qab'an,2
jb'och'b'o'l,1
chinb'iin,1
aki',3
taawi'n,1
qakoje',2
qachóq'b',6
tzeqáti',1
ojtaaw,1
xnab'eer,1
jk'aay,2
kab'xeel,1
jcheqej,1
chi'aq,1
xatzakni',1
richaaj,1
xintzaka'n,1
jchóq'b',9
opiis,2
tk'ooq,1
wi'jaal,3
rixóql,6
jchoq'b'aq,2
rixoqol,1
matb'isónk,1
âruk',1
awetaami',1
awxóq'l,1
xentáj,1
xi'chiki',1
rechejiil,3
xichiki'n,1
rayb'l,1
ak'ajool,1
ch'ujursaaj,1
wchooch,9
xelmáji,1
b'onaq,3
ketaan,1
jweert,1
injek'e',1
ink'ajool,1
chweeq',12
kab'iij,1
rexoqil,1
kaaj,1
serbes,1
q'ab'arsájk,1
tb'isónk,1
rexóqol,1
serbees,1
xq'ab'arsaj,4
q'ab'ar,2
ánmi',1
rayej,1
b'isi',1
q'ab'arsajk,1
q'ab'arsaj,1
jb'álk,1
atb'ison,1
tib'i,3
ajek'e'ch,1
awixóqol,1
aserbes,1
atwer,1
awxóqil,2
traag,1
antaj,1
jkaab',1
goom,1
jmeech',1
roxóqil,1
awanaab',10
rechijiil,2
trna',1
riliik,19
waat,2
wanab',10
tzuqáºw,1
tq'ajmaaji',1
ri'ji'n,1
qáw,5
á­wir,1
á­lb'aka',1
tyajoon,1
ajmaak,2
tat'oj,1
anteer,2
kirtyani',1
kirtyaani',1
ji'no,1
awchoochaq,1
atchapoon,1
tzipáka',2
inb'i'n,1
tatzi,1
k'uli',3
kersir,1
tk'uli',3
ri'jtqa'n,2
ajq'apooji',1
retaamchaq,1
tchapón,1
chapon,2
chep,1
atchapon,1
tijtz'iil,1
rexóqle,1
tik'uli',2
kyeq,19
tch'ojiin,1
t'ij,5
twik'aaj,2
inki'kot,1
nesye,2
ránm,11
tijk'aamch,1
xkuwini',1
k'amiik,4
koon,3
jb'aq'wiich,3
b'eek,1
inb'ii'n,1
inb'i',2
kektomaal,1
winwi',1
xentaji',1
ka'mul,1
oxmul,1
inwil,1
intb'eek,1
wene,1
makomiikta,1
á­nw,1
majwi'lta,1
oombro,1
xkuwá­ni,1
moka',1
twiliin,1
lástim,1
inrab'iin,13
rab'iin,5
k'ajool,2
arayb'l,1
atokonooj,1
q'opooj,1
b'iis,7
tjoliin,1
intoke',1
lak'u,1
lá,1
tk'umas,1
xyu'q'ab'arsan,1
kla'i',5
nentk'ut,1
makla',1
lastm,1
intzáºquw,1
ilb'een,1
tachi,1
tib'iit,1
xinkani'n,1
tachi',1
welk'uwaal,1
k'omwaaj,2
amole'ch,1
kirtyaana,1
awetaam,1
k'amo,2
wek'laal,1
powr,1
tijolá­n,1
xyuj,1
kub'ar,1
ach'oolaq,1
arab'inaq,1
wik'il,9
matb'isoon,1
arab'iin,2
ajri'k'u,1
ab'ij,4
qamaak,3
janb'an,1
kla'i'n,1
ojyuq,1
tyuqaa,1
qochoochaq,1
trik'aaj,7
xik'ame'ch,1
aween,1
weene',3
b'iqak'ute',1
wek'il,1
intaaw,1
mkitaa'n,1
mkta'n,1
jeqe,1
k'ulaaj,1
rutziil,1
xk'isb'een,1
jxo'laq,3
maldiit,1
xloq'aj,1
xon,1
lastim,2
walk'waal,4
reta',2
xink'iysaj,3
aqan,1
k'ysaj,2
xkanye',1
tkojon,12
baal,1
rek'i,2
k'u'li,1
xirene',1
qaye',12
qalk'waal,1
ixib',3
muran,1
qá­jil,1
moketa',1
kla'k'u,1
endonde,1
jcholajlaq,1
rek'il,1
tek'uli'táw,1
tenril,1
jcholajil,3
tek'uli',1
rik'aan,3
jbidaq,1
jk'aslemalaq,1
mran,1
qaqatilmiit,1
ixtuub',1
qui,1
hcer,1
kompadr,11
komadr,2
nimal,5
kompadre,10
xame',2
inpwaq,5
tink'ayaaj,3
merkaa,2
munisipy,1
xe'j,1
tak'ayaaj,2
xqejb'i,1
nimyerd,1
tik'amsaj,2
b'is,3
neej,2
tk'amsaj,8
jsujik,3
desfras,2
itz'iq,8
k'ooj,1
dyaawl,1
k'ayaj,3
inswetr,1
xink'amch,1
sipajch,1
tink'ayaj,2
riy,5
krusar,1
komersyante,1
xk'ol,2
xwer,3
komersiyante,2
dyees,1
jq'uniik,1
jk'ooj,1
jwarj,1
komersiyant,1
komersiyan,1
muchaa,2
dyawl,2
play,2
lamyerd,1
xto'je',1
k'iitaqa'n,1
xt'ojrib'aq,1
chilik,1
jolb'wen,1
lamiyer,1
rikim,1
lja',3
lamiyerd,1
xweroq,1
ijweput,1
apenaad,1
dispwees,1
saqer,1
nijuun,1
xkitij,1
xijkitik,1
tink'am,6
laqb'ee,1
xpetzch,1
xpetzmajch,1
xpetzmaj,1
jsookaq,1
xloq'atqa',1
jaat,2
inkompadre,1
xqejchik,1
juntiro,5
keseke,1
xmulb'a,1
merka,1
koompadre,1
xab'aan,3
xak'ayaaj,1
xinsuj,1
xyetaqch,2
xya'taqch,1
rek,1
protext,1
keskee,1
weyn,1
jweelagran,1
xtoj,1
chpaj,1
denwebamente,1
tawila'ka',1
perech,1
qatra,1
kiyej,4
deplaan,1
ixpaqar,16
kaxlan,19
ristorya,1
tzeb'el,1
awetamaqi'n,1
suu,1
istoryn,1
siyempr,2
tzeb'al,1
rb'ee,1
puchiis,1
uxib',9
bokaa,1
inatiij,1
fijate,3
bos,2
tinatij,1
tqab'ane',1
kosa,6
tqaane',1
apweest,1
apues,1
a'ora,2
arat,1
berda,1
oora,1
tqane',4
apuest,2
chwajiin,1
kampo,2
futbool,1
tiqane',1
xilij,1
tqoqtaaj,1
tch'ekonk,1
tch'ekon,1
estaabiyen,1
estabyeen,4
noose,1
respuest,1
estabiyeen,1
q'ij,1
tqate',2
dya,2
intaw,2
atwa'x,2
brink,2
awaji'n,2
jinoli,9
konforme,1
komnikar,2
tqaa,1
truko,1
iitz',25
alinyar,2
pelot,1
lagran,1
jilonli,1
ojtija',1
ojki'sa',1
ojkan,1
semy,1
tiqatije',1
impuch,1
oojkwini'n,1
nii'j,2
xmulaj,4
k'iiy,1
kaa,3
akada,1
xensaja,1
xtz'apijtqa',1
ijwelee,1
xyolow,1
paa,1
ojte',1
tabyeen,1
ri'b'al,1
xi'wa'roq,1
tink'we',1
atij,1
ree',2
xatyolow,1
ajk'i,1
tanab'ersaj,1
apalabra,1
xanab'ersaaji'n,1
inatije',3
yo's,1
brinkos,1
maraa,1
ben,1
xijk'we',1
k'weel,1
b'eetz',4
xem,4
xya'w,4
wenaa,1
tijq'iw,1
raaq',1
eselch,1
tinte',4
inim,1
xinkosi'n,1
xaqti,1
alwelt,1
xmuler,1
xojkwini'n,2
fijat,1
famar,1
xkwintqa',1
pwee,1
medyo,1
kemeeli',1
xinyol,6
rosaura,1
chicaman,1
ojchapon,1
b'itk,1
tqamaaj,2
qames,3
tqach'aj,2
qatzi,6
tqachaaq,1
tchaqmaajk,1
tb'entaaj,1
qamol,1
qaq'or,1
qakok'orsaj,1
qaxoot,2
jlejik,1
qawa,4
tlejmaj,1
desayun,2
tqatzuq,1
qk'lal,3
twintqa'n,1
qamaj,3
qalik',1
qach'aat,1
qach'aj,3
ojk,1
qajal,1
qach'ojnik,4
dispues,1
qapoop,7
qapalm,4
chijq'ichik,1
tiq'ichmaj,1
manoj,2
chijxekik,1
tixekmaj,2
tarq,1
chikchij,1
q'ichik,1
qechik,1
tqatiq,2
rapalm,1
tqatiqch,1
qatiq,2
jpach'uj,2
dyayi,1
myentras,5
onse,1
ojb'itchikich',1
qaw,5
kab'lujuj,1
chijch'ajik,1
chijchaqik,1
tkok'saj,1
qalej,1
qalejik,1
tib'i',2
tqaan,2
tb'entaj,1
b'eq'iij,1
chaqik,2
qasena,1
qixijchiki',1
qakoj,1
tkojmaj,1
tqakojch,1
qakafe,3
tkojmajch,1
tichaq'ch,1
tqesajb'ik,1
lejik,1
tkanqach'aje',1
uxlan,3
sas,2
rilb'ejkaq,2
tqab'en,1
rakitz,1
lwarchqe,1
sobr,1
tarey,3
qeli,2
b'esan,1
jbalor,2
chikaman,3
xink'iych,11
xojkan,6
q'etzen,6
xojkaan,1
[echin],1
tikuwin,1
qixim,1
pogams,1
wiyn,1
ajnuch',1
xinoku,1
xinchakun,2
lej,1
mijaa,1
talik',1
atintoja'n,1
barat,1
tojsaj,3
sinkwenta,1
q'etz,2
mamaa,2
xsujsaj,1
inchak,1
mij,3
atkwinin,1
chawilb'ejkaq,1
lik'il,1
q'asb'anch,1
tinch'aj,1
tinlik',1
tinch'aje',2
tib'in,3
loq'e',2
jkíxlinwaq,1
jkafe,1
k'ayin,1
kíxlinwa,2
inijtaq,1
k'ayajk,1
chuchitos,2
tamales,1
suje',1
inchk,2
xink'iy,8
suj,1
xojk'iy,7
qadose,1
trese,5
añ,7
inchuch,1
xob'al,1
tzuquw,1
k'áyb'al,1
b'ajo,1
mand,1
qanegosy,1
qapuwaq,2
jwebes,5
tqaloq'e',1
[],1
qaseboya,1
qiik,1
qatz'am,1
atint'o'wa'n,1
lik'áyb'al,2
tinloq'e',1
pimiyenta,1
klabo,1
sabado,5
miyerkoles,2
tk'ami'n,1
ink'ay,1
inq'ajch,1
tinloq'ch,1
seman,1
xink'iyb'ejch,1
ajék'el,1
qik'lal,4
rilb'ej,1
tansikiyer,1
kitz*,1
iftziyi'n,1
tziyin*,1
patron,3
isidr,9
xk'omowch,1
[]*,1
tzin,2
xinch'eb'a,1
wichjil,3
jwan,3
ik'il,1
xinch'eb'a',1
aseptar,2
tinimaj,1
xqach'eb',3
tinch'ab'a',1
repentqe,2
xqach'ab'ej,2
xinijte',1
xqak'am,1
xinyuq,4
xinch'eb'e',1
tinch'eb',3
k'iych,1
ifwiin,1
xink'iwch,2
tqach'eb',3
qaswerte,3
qik',1
ivjurub',2
awelk'waal,1
ife,1
sinko,4
uk'laal,1
ivtijna',1
jb'ijaq,1
ifa,1
tijk'is,2
disyembre,1
lester,1
nwebe,1
nwebw,1
rony,1
welb',1
jwanita,1
yesika,1
kumplir,1
xinch'ab'ej,2
xatq'ax,1
xatij,2
ch'a'w,3
wk'lal,3
xintijoj,2
xinch'aaw,1
tinch'ab'ej,6
inyolj,2
k'ich,1
k'amem,1
maqtra,1
leskwela,2
terser,1
tinkooj,1
parbul,1
rejwexkin,1
ilka',2
qestudy,1
mutz'ul,1
b'aq'aawch,1
xwik'aaji',1
xinpeti',1
twila',2
rotulo,1
direksyon,1
xqik'aaji',1
restudy,2
tansikyer,2
erensya,1
yo'rk,1
kam,2
yaya,1
kaari'n,1
tqak'ayaaj,2
medy,1
ti'eel,5
jchakaq,2
pwaqaq,1
tinqak'itzaj,1
sink,3
syent,2
palm,1
nmotx,1
nesesary,1
tyesaj,8
retami',1
eskribir,1
jpuwaq,5
tqame',3
pach'ul,1
wunaqin,1
anegosyaq,1
xoot,3
tkub'er,1
awanmaq,3
awechta',1
jsuje',1
káxlanwa,1
nmoke,1
anch,1
anegos,1
apoop,1
wesaj,1
ch'ek,2
qaxikin,1
xqamaj,1
sk'aaj,2
tempran,2
jkyemaq,1
jwaaq,1
wunaql,1
mañan,1
tijtz'aqsaj,1
tib'it,1
tichapon,1
intiyojl,1
qaopiis,1
an,1
ch'ij,2
yajel,2
tqakuxtaj,1
t'ust'ik,1
kwinaa,1
ropiis,1
qasentaw,1
rechaqtra,1
jne',2
asukar,1
topiix,1
sub'oy,1
jrefaksyonaq,1
molest,1
jkomidaq,1
tijach,2
pix,2
jloq'e',1
tijkuy,1
tjach'e',1
tqakuy,1
tintijin,1
paqal,3
restudyaq,1
adelant,1
tinye',7
jkostumbraq,2
kwarexm,1
resureksyon,1
prosesyon,9
jo'ch',4
íxim,7
tijkiyeej,1
tijcha',1
tijtzek,4
akomoo,1
isigr,6
selebrar,1
tixojow,1
kinse,3
jnim,1
jkostumbr,1
kofrady,1
tijwiqe',1
kutz'i'j,2
tiwiq,1
jkutz'i'j,1
jkofrad,1
xúkut,1
t'o'k,1
choch,1
fil,1
tijsiq,1
kostumbr,2
ajwich,1
kysan,1
ojtijin,1
rijob'k,1
kosumbre,1
kisil,1
inpet,1
rajnim,1
jkostumbre,2
maja',1
ajb'ool,1
pomaj,1
aparti',3
ajkofrady,1
xamb'er,1
jkandel,1
tijjose',2
jq'olal,1
tijmol,1
tink'anwaaj,1
chawech,1
jwiche,1
osey,1
waldey,1
b'aal,1
grasyas,1
adyoos,1
esjwers,1
tisachk,1
atyuq,2
solaj,2
chijb'ij,1
tqasech,1
qayoloj,1
k'anwaj,1
ivlooq',1
takiil,1
qatziij,5
qajyub'l,1
ek'l,20
neb'ire',5
titz'an,5
laq'aab',11
itz',1
uxta'j,4
lék'l,5
kab'lajuuj,2
ék'l,52
xk'utun,6
neb'ire,2
chijxo'laq,6
lek'l,26
riltaq,1
rajpech,1
uuy,7
karal,1
qaxo'l,7
qachepe',4
rb'il,2
juraaj,1
chijtokik,1
b'eselq'iij,1
tqamol,1
qatok,1
qapech,4
tiyuqchik,1
chiqaxo'l,1
lajkab',2
xmol,9
ji'chaq,1
chirijaq,3
rk'iil,5
kara,1
qakejaj,2
tya',4
tqakejaj,3
xtromb'ej,2
kejaj,1
tjolin,1
tralaaj,1
wichta'j,1
toon,1
jt'oj,1
lulew,1
chralaajaq,2
sichil,1
kub'uul,3
uchta'j,1
laas,3
sachu',1
iitz'an,2
chijq'ab'aq,1
tsutin,1
choman,1
tak'amch,1
talb'art,8
tink'amch,2
telb'art,1
tababer,1
chqalaj,1
tqat'ojqib',1
itz'an,1
figat,1
tqolb'eji'n,1
tpechik,1
q'uniik,1
qusi',3
b'ali,1
tijkejaj,1
tijt'oj,2
t'oje',3
jee,1
chepe',2
jee',4
chijyook,2
nkare',1
rik'aj,2
ntoons,1
ntoos,1
kesike,1
ilb'e,1
tuwilb'ej,1
chuwein,1
int'oje',1
xkajte',1
talb'ar,1
rilb'ejk,1
íwir,1
petaq,1
tqamolch,1
tiyuuq,1
juntire,1
xmola',2
xo'laq,2
kiyaaqyo'yoj,1
kiyaq,2
ritz'iq,4
ilman,1
kap,2
tnatúnik,1
qachope',1
romb'ej,1
tromb'ej,3
tijtuq,2
chib'il,1
tjuraj,1
segur,2
ranmaq,3
b'ena,1
kes,2
q'ab'aq,2
sachki,1
tqolb'ej,1
tqachep,2
qanaan,3
jchapik,1
tqajurerej,1
jurchuchuj,2
xjurchuchuj,1
richoochaq,1
saptq'um,1
xe'taqw,2
trajpech,1
pechaq,2
k'omownaq,1
k'omownaqch,1
xk'omsaj,1
satq'um,1
choq'ej,1
trajpechaq,1
xata',2
eske,4
xena,1
xqachomsaj,1
tqak'amch,1
chawchaq,2
kesi,3
sutq'um,1
jwelas,1
atitz'an,2
étzeli'n,4
jolin,2
xk'amsaji',1
t'ijtqa'n,1
chikchi'tqa'n,1
k'exne',1
suseder,1
oon,1
veintises,1
maloél,1
alch'e,1
xik,1
tanyool,1
lu',3
num,3
jneb'i,1
jkaretaq,3
jb'endisyonaq,1
jk'ayaq,1
tib'ensaj,5
mulan,1
lokexen,1
xk'amb',2
jkaret,3
jurchuchul,2
wi'l,2
xaqta,1
karet,7
bendesir,3
awas,8
tijb'alaj,2
jchótix,4
wa'xenw,1
ki'li,1
olb'eel,1
bendisyon,3
waxenw,1
rik'ilaq,10
takoojch,1
inkaret,2
neejb'ij,1
bendesid,4
majwex,1
elamb'ik,1
rooqtaj,1
alajwersa,1
xch'ujer,1
xjusaj,2
yugo,2
kil,1
kirtyani'n,1
awajin,1
jyugo,1
xkaaj,1
respet,1
jrespet,1
ta'x,1
taqan,1
tawuqtaaj,1
xjusaajb'i,1
awajtaqe,1
bendesidtaqaan,1
ata',1
waakot,1
akaret,1
atb'en,4
dondekeer,1
atwk'xin,1
jori',1
tiwok'ok',1
ch'ol,4
xtzaqow,1
reqe,1
tzaqow,3
derepent,9
tijiniin,1
rikil,1
maldisyaad,1
kya,1
rík'an,1
xalmaji'n,1
tijooliin,1
ch'ooj,1
titzaqw,1
ch'ool,1
tikojoon,3
jrespetaq,2
tikojon,1
tijkooj,1
itz'ab',3
kyerdesir,1
jbid,3
tiwa'kot,3
q'uqum,2
jwi'li'li,1
medyabes,2
tijk'isb'ej,1
maldisyar,1
tikaan,1
avelino,2
nawal,2
lupaa,8
titaqsajk,1
trena'n,2
tichokon,2
tichokoni'n,1
titaqsaj,3
xijsaj,13
welte,1
tib'ab'ene',1
xyu'tzajch,1
ku',2
tinb'ene',1
tb'ab'ene',1
tb'a,1
tzeke',1
disk,1
jtzekik,2
tb'aye',1
tajkiil,3
awech'elxik,2
awel,1
awech',1
seyama,1
chanaqaj,1
atnika',1
atilw,1
tu'tzaj,1
rch'exik,1
nikare,1
rajb'aq'wich,3
tatzaq,1
kiijab',1
job',4
xutzaj,1
toxex,2
tintzek,1
chweyn,1
b'inb'el,2
jnaqajaq,1
tb'en,8
xijk'ome',1
pijpech,2
xaa,1
chomorsajk,1
jchomorsaj,1
sera,2
tiin,2
tinwaa'x,1
chijchi',1
tontal,1
baach,1
chomorsaan,1
derefente,6
su',1
b'ison,2
tijqech'ech'ej,2
wchre,2
b'iixon,1
kuxtal,1
tzakow,1
tzekow,1
witiin,2
inxab'oon,1
xab'oon,3
traj,1
jtokik,2
ch'amach',4
mutzaj,2
b'aqik,1
tpuluw,1
molik,2
lajb'a,1
tiwooqow,2
derefent,2
ritin,2
ch'opiin,6
chaal,2
derepente,15
yolik,3
tinb'ane',1
tzake',1
xtzeksaj,1
jtajkiil,1
tzekikqe,1
xmulajch,1
ch'opiink,1
xk'ati',1
inxk'at,1
inkinaq',1
xatzek,1
nab'ena,1
xinb'ane',1
witin,1
depas,1
choq'w,1
xutsaj,1
k'ixijsaj,1
atqaxut,1
ati'lw,1
taye'chqe,1
punrat,1
rikiil,1
xu'tzaj,1
jut,1
juut,1
jmolik,1
jtokiik,2
trenw,1
tijtzekw,1
xmejor,1
chomb'al,1
xijmole',1
tz'aqik,2
xtz'aqmaj,2
xnek'b'ej,3
saneb',1
xkwini',1
tza'l,3
xatkojon,4
amaam,1
atiit',1
at'elich',1
aatb'i',1
lii,3
lupita,1
rsmaal,4
siguamonta,1
xojooj,2
tib'e'w,2
xinre,1
muu,1
lup,1
atwa'kot,2
taq'atij,2
atyaw,1
swerte,2
atya'w,1
partun,1
tb'ochijtaq,1
b'ochin,1
atb'ochin,2
tch'opiin,2
tich'opiin,5
desipues,1
tititaw,1
tresajch,4
chibola,1
bolita,1
tikaj,1
xb'itiw,1
jswerte,1
lu,1
eltema,1
mandon,1
titaqon,1
nejb'ijre',1
juu,1
lujuja,1
jmokoom,2
tpete,1
mokom,10
kureexm,4
q'iiji'n,5
byernes,1
biyernes,1
tu'xlan,1
feriyad,1
trilik,1
tb'eek,1
awetzel,2
b'enaa,1
tetodas,1
ojataqa'n,1
titoj,1
xirile',1
atz'am,1
q'eq,6
tijch'eb',2
tijch'eeb',2
chirb'il,1
keq'e,1
tqacheb',1
qapatron,1
tz'aqat,1
tqak'om,1
q'eeq,1
jakoraal,1
tita',1
b'eselka,1
xaawil,1
tzaqsaj,1
koli,1
xatb'e,1
iinb'i',1
tromb'eji'n,1
tanchopch,1
tank'amch,1
tankamsaaj,1
na'li,2
tinkoja',1
atzijaq,1
uwi',1
jkolob',2
xkejaj,2
ensyar,1
majkwa'y,2
eklaa,1
mentiros,1
t'elw,1
kanen,1
tromb'ejna,1
tb'enkamsaj,1
tii'nik,1
ike,1
tanw,1
inlugar,1
jinlugr,1
xqab'ij,3
tiqeq'e,1
tqatrunb'ej,1
piyor,1
awasi',3
xkejej,1
tromb'onb'ej,1
ti'elw,1
uqtel,1
pwert,1
lomis,2
tromb'el,2
laa,1
laqu,1
kaab',17
muuj,4
onri,1
jnachaq,1
tijta'tqa',1
jtzijb'el,1
ri'n,1
xpetaq,3
rolb'ej,1
xq'itaj,1
wi'nka',1
kastig,1
portun,1
xojxanb'er,1
nesiy,1
chiqij,2
qaq'atuj,1
xojb'ek,2
awasi'n,6
xqata'w,1
kastigar,3
xk'amsaj,8
k'isb',1
reqaj,1
t'ijtoke',1
tib'iqej,1
jnach,1
tq'axi'n,1
nunk,1
tib'ijsaj,1
chuchqaaw,1
kaprich,1
alaa,1
neesiy,1
balut,1
k'omsaj,1
wunaqi'n,1
nesida,1
b'ansaj,2
tch'ejej,1
nuk,1
ti'ilsaj,1
lajtilmit,1
kwalkiyer,1
wardar,2
tuxlan,1
na'e,1
tk'omsaj,1
qenon,1
ínchak,2
pis,2
ínwa,2
diyes,2
tijinin,1
qeeselch,1
k'ab'el,1
jmoral,1
rsoron,1
xelmajch,1
tijsaj,5
xkojone,1
chk'i,1
t'ijmech',1
chiim,2
rsorn,1
xene,1
onrli,1
xatirna',1
kebal,1
xatin,1
xate',1
xate,1
awtz'ab',1
xatromb'ejch,1
malkriyad,1
xtzaqsaj,3
xtijsaj,1
kapchudil,1
taaj,1
toqtanik,1
beese,1
kurs,4
lalaguna,1
tiye',3
mulul,2
q'alaj,4
ch'aqal,1
inkesey,2
seeñ,1
comunida,1
tovia,1
documentarlo,1
disposicón,1
ivbyen,1
atch'aw,2
atziij,1
ayolij,1
tinb'iij,1
jurel,1
lagunita,2
tib'j,1
sib'ooy,15
xwaan,1
yaat,1
ticheqejek,1
sáq'j,2
qawinaaq,48
táq'j,7
seb'laj,78
k'iim,1
chusiil,1
xkajkoje',1
laguniit,10
koje',2
jeqaroq,1
xkajb'ij,1
qawi'naaq,1
xk'yantqa'n,1
xk'yan,1
karretera,1
jchii',1
xchupa'teqa',1
xmuqa'teqa'n,1
xna'teqa',1
kaamp,1
te'etz'an,1
peloot,1
xya'teqa',1
eskweel,3
chijchí,1
jchi,1
jnaqaaj,1
xsutájtaqa',1
k'ichaq,1
ajtilmiit,4
xk'iyani',1
taqa'n,1
ajkojol,1
ritz'iqaq,2
jwiilaq,1
chupul,1
lim,1
ajtijonel,2
tb'itsaj,1
tchup,1
qayólj,30
jb'itiik,1
jtziij,1
laguniita,1
ran,3
xk'iyaani',2
t'eel,15
tijtiik,2
kapee,4
jnojeel,1
ajiij,9
ek',13
siq'iil,3
titijow,1
xqesajteqa',1
xpaxi',1
relk'waalaq,1
rijmamaq,1
xk'exmaji'n,2
k'iichaq,1
tilmiit,2
ch'iich',9
k'aay,4
k'ulii,1
jk'amiik,4
xk'aastaji',1
jwiichaq,4
jtike',2
xchupi,1
tkeneyik,1
xchakuj,1
xtika'taqa',1
ivqaj,2
ta'k'u,1
ixnakat,2
ritak'u,1
reweron,1
tijtija',1
jk'exwach,1
rúxb',1
tiqamaam,1
tijtija'teqa'n,1
te'elch,1
axnakat,1
tijyuq'aj,1
tq'aax,3
rak'aq,1
tiki'kot,3
xlatz'abi'n,1
tye'sájw,1
tyo'r,1
tiqe,1
jtik,1
kanal,1
ajaaw,1
poni,4
pwaaq,2
kwiin,3
qapwaaq,6
nimaqi',1
rijiil,3
lil,1
ojkwiin,5
qatiko'n,5
nemaq,1
chimeel,9
pawlo,3
baldiyo,3
kabaderiiy,1
jyuq'iik,1
jkirneer,1
k'ooy,13
ralq'aj,2
richijil,3
xíj,1
xkwiin,5
majiik,2
ní'j,1
xi'jtoke',1
xk'amtaqa',1
yo'lik,1
kontod,1
xchapsaj,4
máj,1
tokiik,2
xjama',1
ajwakatnel,1
chijtokiik,1
xi'jte',1
ajwakténel,2
xch'ab'eej,1
xk'amtaqch,1
xpechiik,1
xijye,1
ritz'iiq,12
xk'isi,1
xatkwiin,1
inkoliik,1
xintija',2
inq'iij,1
xinkwiin,2
nenk'u,2
xche',1
troq'b'ej,1
riib',2
jyoliik,1
xe'jtije',1
kta',3
jq'u',1
chun,1
k'ooyi'n,1
jee'aq,1
awajtqa'n,1
awajtaqa'n,1
k'ooytqa'n,1
chijyoliik,1
xq'asaaj,1
xkuy,5
cheqejchi',1
utiiw,13
b'alom,1
tzaqb'chool,1
chapeel,1
jwiil,1
cherchooch,1
tkwiin,5
chajali',1
k'i,7
jk'isiik,1
tzab'ch'ol,1
okeem,1
rik'uchiki',1
xtzaqatqa',1
xchakujtaqa'n,1
xtika'teqa'n,1
xtika'teqa,3
xtika'teqa',2
titijsaj,1
xjamini'n,2
xsaqab'i',1
chijaq,1
chijnaqaaj,1
algchaq,1
ichaj,3
ichaaj,2
chuun,2
xt'omajtaqa'n,1
jlwgraq,1
k'amsaj,1
jtiko'naq,1
jk'ayéjk,1
tawteqa',1
jk'amiik',1
dant,1
pawl,1
baldiiy,1
ticheqej,1
juyub',1
ajrik'u,3
xk'iis,1
weron,1
tk'ulun,1
xuqtaj,1
titikow,1
xtawchiki',1
jlwraq,1
ki'kot,3
xk'exmáj,1
xk'iyáni',1
tikiik,1
latwax,1
xpoq'saj,1
joron,1
wi'teqa',1
jsii'aq,1
jja'aq,1
qast'elwch',1
t'elwich',1
t'élwich',1
tik'ayeej,1
trajtiko'naq,1
quschaq,2
lawi',1
ivee,4
ajwina,4
ifajtikaneyna,1
ajtekaney,1
pche'tene',1
jtayiik,1
tqejtaqach,3
sáj,2
tkwintaqa',1
nime,1
witaqw,1
xoq',1
santilaq,1
tirik'ajtaqa,1
jk'eb'ilil,1
ifra,1
junkiitz,1
riliikaq,1
riijaq,1
riji',1
jk'eb'eliil,1
tinatun,3
kistyaan,1
sil,1
koja',1
tijt'oja'teqa,1
tijkojateqa,1
k'a'ntaqa,1
k'a'nteqa'n,1
tijtuqa',1
kamiik,2
xjutun,1
trotajtaqa'n,1
k'iteqa'n,1
tijkola',1
tib'ansaj,3
riib'aq,1
kamsaaj,1
perjwis,1
tijk'ama'taqa',1
xjjutúntaqa,1
ka'wunaq,1
ifxqila',1
rajsik,1
tiqatik,4
ojtijiin,1
xq'atij,1
xojb'e,3
xqachep,1
xkamsaaj,2
chqáwch,18
teqak'asb'a'i'n,1
xqejtaqch,1
xqeji'ch,1
ta'q'j,1
sutaj,1
xk'amta,1
xqesaj,2
xputz,1
tich'eb'saj,1
xqeej,1
xyu'jk'ame',1
xwiilin,1
xwila',1
xroq,1
xinkwini',2
xinkamsaaj,5
kúmb'li'n,2
tijye,1
kamik,1
b'aqiil,2
xtzib'i'n,1
jb'aqiil,1
jkamsájk,1
ifajri',1
qalúwr,2
roqtaaj,1
xqakamsaaj,1
mm,5
tiqejtách,1
tiqejtaqch,1
ajri'kiti,2
waqiib',1
k'iiche',1
woqtaaj,1
xinkola',1
rab'xaq,1
xinkamsaaji',2
dosyentos,1
keej,1
xinch'eb',1
ch'eb',1
xinkamsaji',6
mapach,1
siis,1
ib'ooy,1
juuch',1
yaak,1
xincheb',3
leonsyo,1
ajri'tik,1
waqib',1
xqakamsaj,1
ta'chiki'n,1
xnajtintaqa',1
xjamaari'n,1
yaxnajtini',1
tyu'ye',1
ajij,1
kita'chiki',2
qasii',2
qak'amech',3
b'aaq,1
qak'omech',1
iqa'n,1
jtzakiik,1
ojt'o',2
rakiitz,1
teqatik,3
ta'chi,1
lajor,2
t'eelch,3
tqat'o',2
jtikiik,4
latuun,1
rejiil,1
teqaq'asaj,1
qakinaq',2
makin,1
ke'j,1
tiqil,1
ajwichni',1
tab'iix,1
chiko,1
ajwiichni',1
ifajwiichi'n,1
chichiik,1
sá'j,4
tijch,1
jari,2
ikim,3
tiqilb'eej,1
siq'il,1
ajrexi',1
ivajwóni',1
tiyu',1
tikonánik,1
jk'ayejteqa',1
jnimaal,1
ruleewaq,1
xnajtiin,1
b'ijne',1
tiko'naq,1
jk'ayéjteqa'n,1
tqesaj,2
qakinaaq',1
qasemiya,1
q'alaaj,1
qach'ool,6
wínw,1
quk'a',6
ronojeel,1
tatran,1
tqat'ow,1
tanye',1
qakumunidad,1
ame',2
ifqaja',1
t'iqame',2
jpaarti',1
tye',4
tiqatij,2
qaja',10
jyu'iik,1
jtawiik,1
chiqchooch,3
teqatij,1
kosolkoj,2
pel,1
xtawi',1
petzelw,1
loq'ani',1
nenm,1
amm,1
part,1
chikamaan,1
ifsi,1
ajruk're',1
tekuxtaj,1
qawiil,1
pajaa,1
ja'i'n,1
tik'iis,1
jb'elájk,1
ajaw,9
jtakiil,1
jqatilmiit,1
rajsiik,2
ifwi',1
xijk'amech',1
qech'elxiik,2
xtaawi',1
chirchoochaq,1
ejchóq'b',1
xojkani',1
siin,1
t'elwuch',1
b'aka',1
t'owa'n,1
kola'n,1
k'amtzáwch,5
nataw,1
cháwchaq,1
nimo,14
xinch'ek,2
tz'unun,8
xin'ook,2
tinch'ob',3
xinch'a'w,1
inch'ekon,1
xinch'ekon,1
xink'ute',2
qitz'yaq,5
xinb'ne',1
xinch'ob'e',1
ajq'opoj,2
quetzaltenango,1
xi'ojb'e'w,1
jkotz'ii'j,1
kotz'ii'j,4
xojb'e',1
xojyloow,1
qitz'yeq,2
lojori;,1
tijb'ne,1
tijk'ute',2
ritz'yaqaq,2
tjran,6
tinmitaq,1
eh,360
tijyole',1
xijyole',1
tjye',10
re'aq,1
jk'axk'oliilaq,1
xqab'ane',1
xchasaj,1
tzii',2
xqile',2
ojpew,1
xajye'ch,1
qatz'unun,1
qa'an,4
ari,29
qamaamqatiit',6
quuq,2
jqul,2
qachachal,1
oqum,1
qachij,3
jkyeqi'n,1
kyeqi'n,1
ojk'am,1
ajmáyb',1
micaela,2
túm,2
k'omotzáwch,4
ritzil,1
áwchaq,4
chawechaq,33
xatpet,1
qk'il,13
tink'omowaj,4
inyoloow,12
ák'laq,3
qak'iyik,3
com,36
inwunaq,1
xinchaakun,3
inmamá,19
xtikik,1
xqatik,1
xqachjaj,1
quleew,4
xk'utsaj,4
qachjaj,1
qáche,1
taqasaj,2
áchi,3
awchooch,1
chwe;,1
tatoka',1
tch'ij,1
jkute',1
chínwch,9
tinqasaj,1
ínchi,1
wichooch,1
tinwolb'ej,1
tri'job',2
semill,1
ya'saj,4
tachajaj,2
sách,2
ttijsaj,6
chúch'j,1
jkojik,4
qixóql,1
toces,43
inpapá,4
cuand,64
awuleew,2
natb'el,1
chíwch,7
tat'ook,1
jk'ayaj,1
ingan,3
xinb'ijvr,2
xab'ij,1
tinchjaj,1
wuleew,2
tintik,1
tinchajaj,1
insemilla,1
kub'al,1
achuuch,4
chki,11
atiwunaq,1
jaa',55
in'eel,1
nque,2
at'eel,2
jeri',1
chb'ij,1
aqaajachuuchaq,1
tajkil,1
íntz',1
xaqyuq,1
inq'uun,2
jnegos,1
tlej,1
inpena,1
awri,6
wich'ixiik,1
tinta',3
tetzib'an,1
solvej,1
jyaaj,3
k'axvr,1
wi'wvr;,1
íwr,4
wi'j,1
obr,1
jmilagro,1
wólb',5
qaajchuuch,5
saqari'n,5
looy,1
k'omotzáwchaq,1
qak'omowaj,1
xk'omówch,1
ab'ee'aq,1
xojk'iych,11
ójr;,2
núuch',1
ttaw,19
kuréxmvr,2
qatzii,2
qatuk,1
qamaatz,1
kuréxm,15
tki'kot,6
qánm,9
qanimq'iij,3
inqaajinchuuch,11
qakaxlanwaa,1
tijtuk,1
qakaab',1
qamuul,1
b'ay,27
kab'lájk,1
tqajo'k',2
rij;,1
tqakye'j,1
qak'oxb'l,1
tqatzaq,3
q'oor,3
kiib'uxiib',3
chqiij,1
qasaq,1
qakab'lájk,2
tqaleej,3
qasaqmólb'vr,1
xoltiin,1
tri,1
qaq'oor,1
tqasub'aj,3
tqatzak,1
rtqab'an,1
ojki'kot,2
qasaqmólb',3
chqe;,2
qeb'il,2
tb'ansaj,7
leej,2
paj,1
tjya',1
chqajujunal,1
tjach,1
ojki'kótk,1
nimq'iij,12
ttzaq,5
ojsepar,4
teem,6
xk'exmájk,1
ojkub'ar,1
qáaw,5
qarikiil,1
xijl,4
qálaq,1
qachikaach,1
qáaw;,1
chikaach,1
jtijik,3
inxib'aal,3
abelino,1
xojwa'xn,1
anm;,1
watz,2
xkami'n;,1
wich'elxiik,2
tqan,14
xqajách,2
qib,2
pach,14
wik'laal,7
wk'anvr,2
xwa'xk,1
xink'iysan,1
xinchaakúnk,1
xrijob',1
b'esal,8
nojo,1
jeli,6
winvr,1
wi'im,1
núuch,1
xojpe,11
ajkuun,2
xrilch,1
xijch,1
xsipójk,1
ib'och',1
xt'uqmaj,1
cririj,1
ojmeyow,1
xojq'aj,1
xyuqqej,1
sok,2
xtz'ee'r,1
b'enaq,1
qak'axk'oliil,1
puers,1
tb'itk,1
intziij,3
wiitz,14
xoqoneb',17
ajb'iij,2
tb'in,1
ni'n,1
xka'el,5
tkunin,1
xtáwk,1
kla';,1
tkunsáj,1
kristyank,2
ajkuni'n,1
jb'j,1
trran;,1
b'ijrrene',1
tik'amowaj,2
qajaw,2
tjkoj,8
tb'ijsaj,4
re;,1
li;,1
ajchuuch,2
puq,3
ajkristyan,1
lorra,1
k'il,2
rtzal,1
yoq'oj,1
tz'apiroq,2
nikal,1
ajteew,1
xpej,1
xjk'am,1
titokon,1
tjta',11
rich'ixikaq,1
chjta'ik,1
xyuqvr,1
ajq'iij,2
leri,1
tz'apir,1
nuuch'vr,1
kometz;,1
kuyb'al,1
jmaak,1
juert,6
xyoq'on,1
xtormaj,1
ajqaaj,1
ab'aj;,1
tjyol,10
jta'ik,5
kojsaj,2
jyoq'ik,1
tiqab'en,1
cha,3
xul,1
ojyoloow,4
rechaq;,1
jilo,10
tiyoloow,4
uspantek,1
tsách,8
much,1
tanta',1
tch'ob'vr,1
t'a,1
tch'ob',4
atpe,1
tji',1
jela,2
ji'ch,1
tiliw,1
tjtijoj,1
ralk'uwalaq,1
tqak'amowaj,2
eeeh,28
wataq,2
atinb'ey,1
xk'iych,3
rafael,1
jb'anikvr,1
entoces,18
xk'íych,1
alaguna,4
ah,25
tranch,1
t'élch,1
tralaj,3
comsant,1
maam,2
ti'elex,1
nooo,1
alag,1
stuvo,1
xijne',2
filtral,1
ójrvr,4
b'ijme'ch,1
juntiirvr,6
titzaq,1
karner,4
jsok,1
rechi,2
chijch'ol,1
esa,2
xwa'r,5
tkikot,2
ránmaq,2
rawajaq,2
esos,1
rial,1
tz'ik,3
juna,2
k'oxol,5
duende,2
tqejtaq'an,2
taq'antqej,2
puchicas,1
tiqejtaq'an,1
ti'itz'an,1
tonces,6
aaay,1
mio,1
tche,1
dias,4
xyajer,1
xch'ek',1
jránm,1
xch'ek,1
nuuch',12
qata',1
monton,1
chijyolik,1
españoles',1
petzal,8
tiwa'x,1
cerro,4
jnawalaq,1
habi,1
lamas',1
tq'aj,3
mayas,1
uspantekos,1
luwaraq,1
b'ee'aq,1
calanté,3
xijt'o'e,1
tekum,5
uman,5
riqes,1
b'abaal,1
aaah,18
quiché,4
xijt'o'e',1
xijmuqe',1
tkamsaj,3
jtinmitaq,1
quiche's,1
chiqáwch,1
awánmaq,1
lamentablemente,4
tamaj,1
cha'e,1
poq,1
noé,12
tb'iij,1
ojer,5
jmaakaq,5
wiich,23
tjtok,3
txukar,9
jb'ee'aq,4
xb'ison,1
retzal,1
xchomrsaj,1
tjk'is,3
jmalda'aq,1
jk'ajol,2
xchomorsaj,2
xyoloow,3
jwi'lvr,1
bí,1
tjkol,1
tjtaq,1
tjk'ol,2
xkojon,3
tjsách,2
tjk'ex,2
tjkolmaj,1
tj,1
bik,1
xtzee'j,2
ritz'b'ej,1
lékj,3
tinchomrsaj,2
titzee'n,1
tjretz'b'ej,1
xq'alji'n,1
suutz',1
na´r,1
xsách,1
jfamilia,2
xnimar,1
xaqx,1
xkolmaj,1
xtz'apin,1
taq;,3
cheka,3
qil,1
ya'woq,1
wánm,9
talq'an,1
tjmaj,2
rixóqlaq,1
tjtij,3
awryent,2
ch'o'ji'n,1
tyoox,18
qak'aslemal,4
ojb'i,2
xukar,1
tchwajin,1
titran,1
tina',2
qachomrsaj,1
ojk'isb'en,1
k'isb'en,3
tch'ajaj,2
tinkojan,1
xaqe,1
rójw,1
rit,2
tjchomrsaj,1
vida'aq,1
tk'isb'en,1
jvalor,1
qafamilia,1
kaax,1
ti'an,3
infamiliar,1
tka'eli'n,1
ákilaq,1
kiitz',1
eeh,18
k'itzan,5
yólik,1
qak'il,4
tjme',1
ajxi'b'al,1
xtaqsaj,2
tisaqar,2
tiqeej,1
t'ijb'elaj,1
tqach'ob',5
talvez,3
ajnawal,1
tb'ijsájk,1
ajpaam,4
reee,1
petzálik,4
ajnaach,1
chrij,8
tjch'ob',2
xjtitz'e',1
xqax,1
jnáqaj,2
injtija',1
k'an,1
ajori,9
inkw'inik,1
inajtija',1
tb'énik,1
tinch'oob',1
xinta'w,2
náqaj,2
tz'ii',4
tálvez,7
tinwilin,2
k'achee'lajin,1
ooj;,2
xawila',1
panteras,1
verda,2
k'achee'laj,4
xinkwin,2
xintzaq,1
xinb'énik,1
xiqej,1
reeem,1
tná'rik,1
xi'qej,1
xwá'rik,1
qesel,1
inch'áwik,2
incháwik,1
xinwila'in,1
xink'ula'n,1
xena'n,1
xena',1
chob'a,1
t'oksan,1
tnek'ersen,1
tnik'er,1
q'equum,1
tchajin,1
qa'ijoj,1
jrájw,1
tb'ijme',1
kotob',1
ajb'ij,2
xukúlik,1
tojtawk,1
jb'i,1
ch'ajó'nk,1
tiqej,3
qach'ob'an,1
tiqáxik,1
ojpétik,1
xkajk'ute',1
xkajb'ijvr,2
ojq'ej,1
qatana,2
ojqej,1
tqata'ow,1
tq'áxik,2
juno,2
tiqejb'el,1
tik'omow,2
tijk'om,1
tjxulb'a',1
jb'aa'aq,2
ojoj,3
nmo,1
xijvr',1
wa'l,3
ánom,21
tina'r,1
kojolvr,1
tilsaj,1
atz'yaq,10
tjche',1
xinpétik,1
npensar,1
inpach,1
petzalkoj,1
qach'ab'ej,1
tqak'o,1
qak'om,2
tb'e'w,1
xqawab'a',2
xye'ch,2
chúwchaq,4
ajkayb'al,2
xqik'aj,1
ciguanaba,1
inxib'al,3
awrdient,3
chajaj,2
áyb'aq,2
xinq'asajin,1
rilikaq,3
aq'ab'rikaq,1
ojk'om,1
ojkomsaj,1
chajay,1
tjcha'w,1
dond,1
tta'saj,2
ttsa'saj,1
infamilia,6
ajwi'l,4
qak'iloj,1
xqa'ijoj,1
qusvr',1
tink'ex,2
interen,1
ajk'is,1
xinwilch,1
tinta'w,2
xya'saj,4
qaqaajqachuuch,5
xink'ex,1
inajkojonaq,1
ojkwínik,1
qavida,4
xojk'isb'en,1
qak'omwaj,1
xojk'ómch,1
xrila',3
chúwchaq;,1
tintijme',1
tqak'omwaj,1
rójwax,1
awonojel,1
apetikaq,2
qichooch,1
josefa,1
ajxojooj,2
k'etz'an,3
cond,11
simyel,1
ajxojlob',2
t'ooq',6
chijk'amik,2
qopxin,1
ritz'yaq,3
xjaw,1
kuxtaar,4
jmoora,1
jrik'u,2
x'eelch,2
at'ooq',3
in'ooq',3
jwi'lb',1
b'aka,2
inkwiin,1
xin'eel,2
witz'yaq,3
inb'iison,2
tb'iison,2
tz'apij,3
b'aq'áwch,2
atink'am,1
lúwr,6
tawilech,1
yol,1
xame'w,3
porq,1
awitz'yaq,1
tchajar,2
chawij;,1
jan,1
tz'eetvr,1
chapsaj,1
tqopxin,5
tutsaj,2
x'ook,3
tta'w,1
tjchap,1
tb'inatun,1
junoq,1
kojonaq,2
xjcha',1
xjk'amch,1
titz',1
jkuxtaar,3
b'aq'wiich,1
x'eelchich,1
xin'ich'k'an,1
tch'opin,5
xjale',1
jri',2
itz'iiq,2
xijme'w,2
awitz'iiq,2
xinqaje'w,1
xinme'w,1
tqaban,1
tq'ab'ar,1
xijta',2
witz'iiq,2
xinme'ch,4
inpuwaq,1
jort,1
xinjaw,1
xinme'ch',1
ínsi,1
atb'iison,1
k'axk'ol,3
tintz'apij,1
b'aq'ínwch,1
inajk'am,1
qap,1
ta'ch,2
xretamajaq,1
jwích,1
xq'ab'ar,1
rajwáxk,4
kmo,7
milpa,1
tjk'am,10
rija',1
rijaj,3
trixij,1
jpoom,2
tijsay,1
tta',6
tjaw,1
ch'ámq',2
tikonan,1
ruleew,4
tjya'w,1
chijsayik,1
róxb',1
ajrek'u,1
aweex,1
tmaj,2
rawal,1
tikik,1
rab'iix,1
tqixij,1
qataq,1
qijaj;,1
tijye'ch,1
tqejch,1
jnee',2
tjk'amchvr',1
tchapsaj,1
ajmeex,1
wiichi'n,2
ejwi'l,1
b'ka,2
tere,1
xtoq',2
tjk'ik'eel,1
qej,2
jk'ik'eel,1
xtilar,1
x'eel,2
ti'eelw,1
ttiksaj,2
jiib',8
tch'a'wk,1
xxxt,1
tch'á'wk,1
tch'á'w,2
rájwaq,2
content,2
tikikot,1
fuert,2
jb'anen,1
loq'ori,8
xink'íych,2
injunab',2
aaaah,2
inb'ínk,1
tqayólj,1
kit'a,1
xilsal,1
xnow,1
cambio,2
xresaj,1
ehh,5
k'iysaj,1
vuelt,3
dificil,3
neee,1
jk'isb'a,1
interes,9
patzkar,2
xsachvr,1
tovía,2
tqaluchar,1
restacar,1
nerri,1
ki'kotemal,1
xijooj,1
tixojoow,1
tjt'iya',2
txojoow,1
vedaa,1
xchupvr,1
nri,1
oooh,1
tiloq',1
vaaa,4
ksachvr,1
tb'now,1
ahhh,1
yaaa,2
tri',1
tawilt,1
chap,1
x'óok,1
tecnologiy,1
yyyyyy,1
kink'amowaj,1
tatijoj,1
awiib'aq,1
qatziijb'al,7
inch'a'w,2
ingles,1
tk'utsaj,2
aahh,3
xintok,4
chq'aap,1
xine',1
xine´,1
x'élk,1
winaq,2
osea,2
imigrant,1
tna',1
umjuju,1
xinb'ne'ch,1
xinpet,1
xinch'ob'ech,1
atinmitaq,2
jejejeh,1
jb'ijk,1
leyaq,1
aleyaq,1
q'ab'tziij;,1
jwinaqaq,1
chop,1
laq'ori,1
tch'o'jin,1
chrib',1
ajtilmitaq,1
jbolsa,1
tziil,1
xinwesaj,2
ko'wi'n,1
tatija',3
xin'óok,1
xin'élch,1
npatrón,1
awinaq,1
ji´,1
unicamente,1
riq,1
cholá,1
xojpaqarch,2
jpart,2
wakameeb',1
xin'eelch,1
chola,1
xink'iyw,1
xink'uli'ch,1
koq,1
njo,1
xinb'nech,1
xinpech,1
xinq'ajchvr,1
intinmit,2
xinch'ob',2
jiqlon,2
xojpen,1
xojri'jáb'k,1
xinw'ax,1
xkamch,1
qk'an,2
jaqaajaq,1
qka'n,2
wojvr',1
tqaq'axaj,1
ojchaakúnk,1
ojchaakuni'n,1
wuk'an,1
tqamay,1
wen',1
oj'itz'an,1
xk'ayaj,1
xojkánk,2
xojb'iisónk,1
oj'itz'ánik,2
xqmaj,1
xoj'itz'ánik,1
xojyuq,3
tb'iqame'ch,1
qajaa',3
xe'jul,7
tqame'ch,3
injaa',1
ojq'ax,3
ojril,1
ojpaqar,1
viaj,2
jum,1
xojb'elan,1
xoj'aq'anch,1
jaa';,2
trne',3
jch'ojnik,1
hast,2
tqakoje'w,1
qája,1
ojtaw,1
kamsaj,1
koq',1
tzaqom,1
ch'olaal,2
xojpaqar,1
tqach'ab'ejk,1
cosejo,1
inn,1
tra'n,1
kaq,2
twa'xw,1
wojvr,1
talam,1
jproblemaq,1
vicíos,1
wa'lkiin,1
tchaakun,2
intzuquw,1
solter,1
q'etzan,7
tyolsaj,2
xkwa'x,1
nimvr',1
tamb'oril,1
nimq'iijvr',1
chúwchvr',1
aq'ab';,1
tk'achin,1
oj'eel,4
rilik;,1
láq'j,2
saqi'n,2
pche,6
samyel,1
tyol,10
qusi'n,2
k'axk'oliil,4
tisek'jaj,1
tich'ajch'ob'ej,1
jul,3
b'nol,4
tk'ol,1
rinb'aq,1
k'xol,2
jsantil,2
ralk'waal,2
rchelxiik;,1
riw,1
rchoochaq,4
tka'm,1
xatk'amsaj,1
atq'ajchvr,1
xatsach,1
etz'ab',1
tz'eti'n;,1
qawunaq,1
qakomoon,9
jroox,1
jkaaj,1
nkali,1
k'molch,2
tya'n,1
xran,3
tsek'jaj,1
xrik'aj,2
xwar,1
q'equm,2
xwuk'aj,3
inwarj,1
xinb'it,1
xnajk'am,1
tz,2
atpet,1
cuent,3
tzaqem,1
qawáxk,1
ri;,1
tinmaj,1
ch'awem,1
andrés,4
arcángel,5
tch'o'jaj,1
arcágel,1
chapol,1
xtaqch,1
xtokik,2
jtinmit,1
qatinmit;,1
tka'el,1
xuxlan,1
tika'eloq,1
tilow,1
xek'alji'n,1
kameb',2
xtawk,1
xjrene',1
t'ojol,1
xench,1
xeelch,1
xjtok'e,1
qachuuchqaqaaj,1
chjrilik,1
chkili,1
t'ojolch,1
xjsik'ij,1
ajwinaqil,1
xjrile',1
xch'a'b'ej,1
xjme',1
kante'l,1
xb'it;,1
ribaq,1
tiqesaj,1
mexicano;,1
xchojow,1
patzka'r,1
xb'itmajch,1
xb'an,1
jujuj,1
xelexch,1
kar'e,1
arcangél,1
chinta'ik,1
k'amtzáwchaq,2
ínb'j,2
ernestina,1
jk'ute',1
taqatik,1
kutz'ii'j,3
taqatika',1
mukun,1
tqatika',1
karnervr,8
tanb'ana,1
ink'ame',1
pooq',1
tqachaqrsaj,1
chiqej,1
tiqaye',2
taqatzaq,4
ch'úch'j,1
kútz'ij,2
tqab'ana,2
tqak'ayaj,4
xojk'iysaj,1
tik'ayaj,1
k'áyb',1
tlóq'ch,1
juntirvr,1
jlan,4
qopicio,1
tqatik,2
inkarnervr,1
majad,1
tiya'w,1
k'áyb'l,2
tiya´w',1
tt'is,1
atz'iyaq,1
tchap,1
ink'ase',1
tant'is,2
poot',1
tank'ayaj;,1
qacentav,1
nya',1
qachooch,1
b'ka',2
tyo'w,3
ojb'it,2
tsipán,2
tqaloq'aj,3
tisipaj,1
tketsaj,1
mees,1
ojb'now,2
ronojel,2
tsipaj,3
k'etzan,4
txuk,1
tjkat,1
tjakat,1
twi',2
jq'iijal,1
sinik,1
tilooq'aj,1
ojchaakún,1
muul,1
snik,2
tjut,1
tlooq'aj,1
jchaakaq;,1
tk'ut,3
puq',1
rwi',1
ch'amq',1
q'an,1
loch'ooj,1
tmulaj,1
jtyoox,1
tk'omowaj,1
tinyoloow,1
komoon,3
inchaakun,3
jb'iijvr,1
sachál,6
sachálk,1
tyoloow,6
quizachal,2
tmole'w,2
kape,1
tme',1
kla'li,1
jyóljaq,1
uspanteko;,1
k'íche',1
chachal,3
sachal,1
muluul,1
mulmik,1
chilem,1
tqachomrsaj,1
rojóxkvr,1
rojóxk,3
chiwchaq,1
rojox,1
rojóx,1
emm,1
ojsutar,2
nchuuch,1
tijob'al,2
oj'ook,1
chyolik,1
innuuch',1
jlonvr,1
twi'n,2
tchomorsaj,1
qab'antájk,8
qochooch,1
tk'om,1
jb'antájk,2
xiil,18
q'etz'an,3
tk'osk'oj,1
sill,2
baxil,5
jtaqkil,1
tkos,1
xiilvr,1
entos;,1
puerta',4
tz'apili'n,1
ch'ola',2
tqal,1
ajkaq'e,1
ajkot,1
chitop,1
xppe,1
xch'pe',1
jas,1
tqaq'ex,1
juerta,1
jorque,1
qaye´,1
ajaj,1
kiib'oxiib',2
ch'qap,1
pche',1
canaques,1
caracol;,1
jb''ij,1
xne',2
kmoon,2
wuuj,3
xeb'e,1
q'atb'al,1
ajk'amal,1
wne,1
tt'a,1
inmaan,1
tinwila',3
k'axk'olil,1
li'n,1
qalk'uwal,1
xojkam,1
rajwáxkin,1
qech'olxiik,1
ib',3
laqvr,1
qaajaq,1
rajwaxvr',1
qayóljvr,1
pka',1
rajwaxkin,1
ojyloow,1
tretamaj,4
ojpe'w,1
simpre,1
tqak'uta',1
rajwaxki'n,2
walk'uwal,6
inkikótk,1
tjin,1
tk'iy,1
tink'amowaj,1
looq'laj,1
rajwájk,1
qakmoon,1
tinb'iji'n,1
kojche',2
kujb'anik,1
xw'ax,1
b'ijsaj,1
jwákx,1
tjt'oje'w,1
jwákxaq,2
waq',1
k'a,1
tojtore',1
puert,1
xka'elw,2
xijsal,1
xyasaji,1
lmas,1
minor,1
intía,3
estuv,1
kuréx,2
ojche,1
loq'al,2
xman,6
akich,2
molsaj,1
jgan,1
b'aaq',2
tuul,2
jnoq,3
tixub'ánik,1
tich'á'wk,1
anter,1
xun,1
timaj,1
tinab'ansaj,1
tib'asaj,1
tinb'ansaj,1
tisik'ij,1
nab'e'al,1
nab'e'alin,1
kab'jiir,1
af,1
ttoksaj,1
jtzaam,2
tkoj,2
ojjub'saj,1
tzaam,2
rawasvr,1
qali,1
ojk'iyik,1
ojk'iy,2
ojka'el,1
trna,1
teri,1
jk'amowaj,1
qáwch,1
xwilin,4
tjtzaq,1
ak',2
saqmolb'vr,1
páke,1
kar,4
jcostumbre,2
wikan,3
jeri,1
cháwch,1
costumbr,1
intío,1
jkarnervr,3
tisokaj,1
timoksaj,1
ajsokal,1
tb'isaj,1
jtijeraq,1
tjsokaj,1
tiya'saj,5
jwaa'aq,7
ajsok,1
rilb'ejaq,1
ruk'a'aq,2
maatz',1
ttzuqsaj,1
rusmal,1
tk'aysaj,1
q'u'niik,1
qaq'u'niik,2
lanil,2
ps,1
b'oot,1
jhistoria,1
luis,1
sánchez,1
xinalex,6
inwinvr,1
veintiseis,1
minerva,1
mixco,1
miprimaria,1
pues;,1
xink'ise',1
insexto,1
intwil,1
qanecesidad,4
aweces,1
qawaa,1
jli',1
lescuela,1
bastant,1
awardient,2
rep,1
xkámk,1
inchakúnk,1
espericna,1
xintok'e,1
xintoke',1
tyuqvr,1
teh,1
tien,1
att'aw,1
jlo,1
kiche,14
tinch'aw,1
espanteko,1
kiche',1
xinaléxk,1
desque,1
xwetamaj,1
aurelio,1
lux,1
pes,2
kpe,1
pue,2
tjk'ayaj,1
uuq,1
tawetamaj,1
ch'ab'ik,1
xinmajaj,1
inch'aw,7
pericon,1
pericón,1
inkwinsi',1
inhistoria,1
xinkaniye',2
tamun,1
read,1
xinwetamaj,1
jch'awik,1
lospital,1
inin,1
rq'ilaq,1
jwk'il,1
wa',1
kiche;,1
inkwínk,1
inch'awk,1
despenar,1
xi'ojpe,1
tinkwin,1
tinch'áwk,1
entablecer,1
wistoria,1
masta,1
maw,1
ej,2
tsachj,1
rxóql,1
tjsach,4
tiqakoj;,1
qitz'iiq,2
sik'in,1
scuela,1
tya'saji',1
ti'ok,5
k'ixk'oliil,1
ribaq',2
relq'aj,1
tjtitz',1
algun,1
tjtaw,1
tpu,2
xya'saji',1
xjkoj,1
tjt'oj,1
tjwa'x,1
k'lalaq,1
tiyo'w,1
b'ijk,1
jchomsaj,1
k'axi'n,2
ék´l,1
sk'in,2
xinta'saj,1
xne'tasajoq,1
jqaajjchuuch,1
jpach,1
junos,1
jfamiliar,1
verdad;,1
qabne',1
xjrna',2
qacostumbre,2
tqasach,1
tjrne',1
jkútz'ijaq,2
jfamiliaraq,1
elssy,1
kub'i,1
tijonik,1
jb'aqwiich,1
b'aqwiich,1
tich'a'w,3
xink'ulaj,1
kaxlani'n;,1
qacomunidad,1
aranx,1
limonx,1
q'unum,1
tijk'ij,2
q'unun,1
jk'ixik,1
tijb'an,1
kla´,1
etz'en,1
pootz',1
jreligión,1
je'lik,1
tzee',1
atch'a'w,1
awuuq,1
awilik,1
inb'i,1
playera,1
inpóot',1
wuuq;,1
ttzee'j,1
ínwch,2
incomunidad,1
ojqaj,1
ojchkun,1
jli;,1
oj'etz'an,2
qaconvivencia,1
jqleen,1
tj'anvr,1
jb'ixik,1
ojjaw,1
jaw,1
tra'an,1
tsak'jaj,1
tz'iib',1
waa'at,1
piix,2
ti'j,1
jooch',2
b'ika,1
ojb'ech,1
tjal,1
ritz'iyaq,1
tk'ame',1
ehhh,1
tjb'e,4
jsak'jxik,1
tjtoj,1
tjb'an,2
ojor,22
ojr,1
respetoso,1
jkanali,1
jch'ab'al,1
kanaliin,1
ojtaqsaaj,1
tb'iqesaaj,1
jxujb',1
qáq'b'vr,1
qame'ch,3
qixiim,1
qato'l,1
tqat'oje',1
tik'uxánik,1
tk'uxán,3
mmm,1
jinol,1
quxlub'ij,2
qáq'b',2
tiqtzaq,1
che;,1
tinb',1
konon,1
tb'ijsaaj,2
qanaanqataat,1
qámam,1
qátit',1
ant,1
tawixlub'ij,1
áq'b'aq,1
takojt,1
eee,1
ochenti'añ,1
inyo'lkiin,1
tir,1
yo'lkiin,1
kanalkiinw,1
xinb'na,1
tinmiti'n,1
tb'imech,1
tb'ime'ch,1
kalwa'r,1
tiqame'ch,2
qeqajch,1
qeqajchim,1
qakolob',1
ojpétk,1
xojyuqin,3
taat;,1
aysi'b'aq,1
kat'uxlan,2
tqach,1
xojkosi'n,1
ojnb'ech,1
jkamuul,1
sii';,1
xiqile',1
ojnb'e,1
penti,1
ate',1
ojb'i'n,1
qaxik'a'y,1
qame'wich,1
teeli,1
tiqame',2
no;,1
qási',1
rin,1
xojk'iych;,1
qaqaajchuuch,1
xojk'ich,1
xqak'ama,1
xojb'i'n,1
qak'ama,1
qapichik'a,1
qama'ch,1
qapich,1
qaq'iib',1
xojb'i,3
xiqame'ch,1
xqanojsaj,2
xnoji,2
naana,1
kojta,1
qatuuj,1
qamese',1
pam,2
qamesb'vr;,1
qamesb'vr,1
tiqames,1
ojlooq',1
q'aaq';,1
xiqame',1
chpam,1
xqeji,3
naantaat,1
atuuj,1
xqatz'apij,2
chii',2
tuuj;,1
mmmm,1
tanwilo,1
qach'ab'al;,1
xqab'ana,1
rovuelta,1
nunc,2
inch'ab'al,4
inch'ab'al;,1
ila',1
puch,1
ajwichin,2
jinonaq,1
chqab'an,1
ojtzii,1
asolaj,3
mu's,2
noya,3
k'amtzawchaq,1
rtziil,2
tich'o'jin,1
tokal,1
sutal,1
pimlaj,1
tijresaj,1
jpiim,3
tijb'ijsaj,1
xchol,1
xijxut'ij,2
xijsutaj,1
ritz'iiq;,1
xqopchin,2
qch'elxik,1
tzini,1
xojasik'ij,1
qakámwaj,1
xojapixb'aj,1
masvr',2
tb'ansájk,2
ajnuuch',1
ke'm,1
qaleej,1
ojtaqsaj,2
ya'ik,2
tichaakunwi,1
ájaj,3
ketik,1
qacuent,1
waa;,1
xoj'okvr,1
tib'el,1
kinaq,2
tiqak'om,1
xantji'n,1
xinb'i,1
xink'omab',1
inchíkch,1
ínb',1
jya'ik,1
tya'maj,1
mkoon,4
ya'maj,1
kab'ljuuj,3
xoj'ok,1
b'nik,1
tib'l,2
íchj,1
chqon,1
qachaaq,1
tiqab'n,1
rk'a'aq,1
tib'antaj,1
xiqaye'ch,1
qopiis,4
q'iij;,1
chki'non,1
cinar,3
tb'iqaye',1
ajcháakb',1
ilem,1
tzakik,1
pay,1
titz'ilob',1
ritz'iiqaq,1
xojpetvr,1
xojb'ich'ojón,1
qab'ne',2
poy,1
atz'iiq,2
ach'aj,1
bueni,1
tichaakún,1
tijket,1
tz'oloom,1
b'iqaye',1
um,1
ojyajsaj,1
qab'ite'ch,1
qamole'ch,2
xk'oma'ch,1
xqapetza',1
k'aat,1
xpetza',1
xma'ch,4
xpetza'ch,1
xojpeti'n,1
xqasa',1
xqacha',3
cháqj,4
jaj,1
xoj'ook,4
jcha'ik,1
paam,1
xk'olsajvr,1
k'ujaa,2
ajriku',1
xqak'ola',1
jley,1
tik'olmaj,1
xchaakún,1
jruk'a'aq,1
tk'atsájk,1
ajch'ab'al,1
tijk'at,1
cantel,1
tijk'omwaj,1
xb'ita',2
jnimq'iijaq,1
cosech,2
tranvr',1
xojk'íyik,2
xqajach,1
xojpétk,1
xink'uli'k,1
quiche,1
jo'lojuuj,1
k'ichee'laj,5
awoj,2
qak'ulel,3
ti'ooq',3
b'alam,1
tb'iisónk,1
inajsons,1
inchomorsánk,1
kori',1
piiq',4
tak'ask'aj,3
akee',1
jkee'j,1
kuch,1
xab'na',1
atz'ii',1
sjiin,1
b'elaj,1
qjaa,1
qab'elaj,1
ojq'ajch,1
ékl,1
kosik,1
ojkos,1
atkosk,1
tk'omoni'n,1
atb'iiso'n,1
inb'iiso'n;,1
tinme'ch,1
tank'ask'aj,2
jmul,1
yuq',1
qile,1
cient,1
krner,2
qayuq'e',2
k'isik,1
qayuqe',1
tqak'omch,1
qak'omch,1
wákx;,1
mkoom,3
ki'cheelaj,1
tqapuq',1
q'iib',1
tqeqaj,1
ki'chee'laj,3
xk'amon,1
b'ay;,1
jq'ámq',1
armit,1
chaakún,1
xinkanin,1
b'iison,2
innee',1
q'ámaq',1
q'am,1
ojwa'x,1
tqatz'ilb'saj,1
tyajon,1
intilmit,3
tk'omon,2
jrilij,1
rki',3
ajk'ay,2
tjpil,3
ti'iniik,1
ajb'anol,1
muktáml,2
k'ayta'j,1
tijpil,1
t'ink'ayaj,2
kerner;,1
chik',1
tjtik,4
rabano,1
clas,1
k'aytaj,1
t'iqakayaj,1
inyu',1
anta,2
qakxlnwaa,1
qáti',1
tqab'ne',2
k'ayb'al,1
xo'loq',1
inb'ik'ayinoq,1
xinri'jáb'k,3
ínk'ili,1
xwa'xk;,1
xqat'o',1
jtzuqik,1
tank'ayaj,3
ak'waa,3
qak'ilij,1
rtam,1
titz'iib'an,2
xqak'ayaj,1
nib'a',1
ajwiich,1
xinri'job'i'n,1
xinyajari'n,1
ínq'b',2
q´aaq´,1
ento,2
ink'ayink,1
inb'iisónk,1
tepe'w,1
inrayin,1
inchóq'b',3
ink'ayin,2
ojori,1
wik'lal,4
xtijoj,1
tz'iib'ánk,1
tank'amowaj,2
jk'iysaj,1
juwnaq,1
wxaqiib',1
uquub',1
xíkin,1
oojn,1
ka'winaq,1
lajuuj,1
xojnimerin,2
tqak'amwaj,5
ulb'el,1
qich'elxiik,1
waatz,1
inqaajinchuch,1
xojka,1
qachajaj,1
alxiik,2
iwal,1
qavid,1
ajyo'l,1
jumuch',1
jjúnb',1
ajyo'lvr,2
qak'amemvr,1
kr'i,1
jpíxb',1
jiqe,1
riqe,1
kiib'uxuub',1
tank'amwaj,1
teresa,1
k'utul,4
chínwxaq,2
saqmol,2
chooch,1
intíos,1
pacayas,1
kinaq;,1
transaj,4
tat,1
ojatin,1
teta'saj,2
jfruta,1
tloq'saj,1
nerí,1
arit,1
aril,1
jpapá,1
jtraste,1
t'e,2
t'er,1
komnaqib',1
wk'ilin,1
mkuun,1
komsant;,1
jkamnaqaq,1
tkoje',4
jkamnaqib'aq,1
jkomnaqib'aq,2
convivir,1
incuñado,1
jcena'aq,1
tk'atsaj,1
cuetes,1
trnow,1
tinkomaj,1
xinka'el,1
malka'n,1
westudio,3
xwaj,1
y'ik,1
qestudio,1
jrk'lal,1
iik'il,1
qetmaj,1
xk'uta',1
ob'en,1
tb'insuje',1
tinlej,1
ch'ojnik,1
jtijójk,1
xwa'xax,1
inkwiinvr,1
tzijb'al,1
xwetmaj,1
intz'iib'an,1
iinp,1
wetamvr,1
inchapon,1
qaqch'ixiik,1
ojyuqte',1
qach'ab'al,1
qusvr,1
injii',1
qetz'an,1
xinjch'ab'ej,1
wichijil,1
xuqine',1
jacubí,2
ajtinmit,2
xinyuqne',1
xinyuqwa'xoq,1
injúnb',1
xinmaja,1
invida,1
ink'aslemal,1
inwa'x,1
kik'il,1
qavecino,2
mayb',1
rchuchaq,1
tjuert,1
sacapulas,1
ajche',1
xijq'asajch,1
xijq'asaj,1
tijnoj,1
trile',1
chq'asaj,1
tnsaj,1
tzik,2
rq'opoj,1
tk'ute',2
tjcha'saj,1
tjk'ute',2
ttok,1
jyolaq,1
jyólj,1
ojq'opoj,1
tya'saji'n,1
tqaj,1
rik'lalaq,1
káyb'l,1
chk,1
tloq'mon,1
qitz'yaq;,1
tijch'a'w,1
tqasách,1
tkoja',1
only,1
nimrsaj,1
